id,texto,rotulo
626,Santa Catarina Tem hoje a menor taxa de assassinatos. Um homem está segurando um celular perto do ouvido. Um homem está segurando um celular até o ouvido. Um homem está segurando um celular na mão.,FALSO
972,TSE entregou códigos de segurança das urnas eletrônicas para a Venezuela e negou acesso para auditores brasileiros. Um homem de terno e gravata segurando um microfone. Um homem de terno e gravata de pé na frente de um microfone. Um homem de terno e gravata está sorrindo.,FALSO
42,Portal Transparência mostra que gestão Bolsonaro tem o maior orçamento para educação da história. um grupo de crianças pequenas em pé ao lado uma da outra. um grupo de jovens parados lado a lado. um grupo de crianças pequenas posando para uma foto.,FALSO
1043,Bebê nasce com 18 kg e bate o recorde de maior bebê do mundo. Um homem e uma mulher deitados em uma cama. Um homem e uma mulher sentados em uma cama. Um homem e uma mulher deitados em uma cama.,FALSO
831,"O presidente eleito [Bolsonaro] e seu filho [Eduardo] votaram conta a Lei Brasileira de Inclusão LBI. Um homem de terno e gravata segurando um microfone. um homem de terno e gravata segurando um microfone, um homem de terno e gravata está segurando um microfone.",FALSO
261,"Vivemos numa época onde querem que os padres se casem e que os casados se divorciem. Querem que os héteros tenham relacionamentos líquidos sem compromisso, mas que os gays se casem na Igreja.... Um homem de terno e gravata está sorrindo. Um homem de terno e gravata sorri, um homem de terno e gravata segurando um celular.",FALSO
928,"... E agora [Sergio Moro] aceita ser ministro, junto com ele [Fraga], no governo do Bozo sic imagem. um homem de camisa branca está segurando um celular, um homem de camisa branca e uma gravata preta, um homem de camisa branca e gravata preta.",FALSO
38,Bolsonaro autoriza Execução da dívida da Globo de mais de R$ 1 Bilhão de impostos sonegados. um grupo de pessoas de pé no topo de uma praia. um grupo de pessoas de pé no topo de uma praia arenosa. um grupo de pessoas de pé lado a lado.,FALSO
182,"Por falta de público, Posse simbólica de Lula é cancelada em Curitiba. Um homem está falando em seu telefone celular. um homem está falando em um telefone celular fora de um homem está falando em um telefone celular lá fora.",FALSO
1143,"Para o ministro [Luís Roberto Barroso], Bolsonaro foi corajoso e demonstrou ser um grande líder, pois não abandona sua nação nem em momentos difíceis como o que estamos passando agora, com a pandemia do COVID-19.. Um homem segurando uma raquete de tênis nas mãos. Um homem segurando uma raquete de tênis na mão direita. Um homem segurando uma raquete de tênis na mão.",FALSO
1013,Trump avisa: posso intervir militarmente no Brasil para acabar com a corrupção. Um homem de terno e gravata parado ao lado de outro homem. Um homem de terno e gravata de pé ao lado de uma mulher. Um homem de terno e gravata segurando um microfone.,FALSO
310,"Cai a hipócrita: Odebrecht delata Marina Silva: mais de R$ 1 milhão. Um homem de terno e gravata segurando um microfone. um homem de terno e gravata segurando um microfone, um homem de terno e gravata de pé na frente de um microfone.",FALSO
1046,Primeiras fotos da Terra enviadas pela missão espacial Chadrayan2 da India. a close up of a small plane on a runway a close up of a small plane on a run way a close up of a small plane on a city street.,FALSO
722,"O Exército Brasileiro conseguiu, ontem, encontrar água ao perfurar um poço em Caicó, no Nordeste. um homem parado ao lado de uma estrada perto de um hidrante. um homem parado no acostamento com um hidrante. um homem parado na beira da estrada com um hidrante.",FALSO
106,"O Exército Brasileiro conseguiu, ontem, encontrar água ao perfurar um poço em Caicó, no nordeste. A água jorrou com força e foi encontrada em um terreno onde atualmente funciona um complexo de creches cujo abastecimento hídrico é feito por caminhão pipa.. Um homem montando uma onda em cima de uma prancha de surfe. um homem montando uma prancha de surfe no topo de uma onda. um homem montando uma prancha de surfe no topo de um rio.",FALSO
556,Reforma: Homem - 65 [anos de idade mínima para se aposentar]. Mulheres - 62. Parlamentar - 8 [anos de contribuição para se aposentar]. um grupo de pessoas de pé lado a lado. um grupo de pessoas de pé ao lado uma da outra em uma sala. um grupo de pessoas paradas lado a lado na frente de uma tv.,FALSO
974,Por coincidência [Guiné Equatorial] é o país que o Lula perdoou uma dívida bilionária e teve várias obras bilionárias feitas com dinheiro do BNDES. um homem sentado a uma mesa com um laptop. um homem sentado à mesa em frente a um laptop. um homem sentado a uma mesa com uma caixa de rosquinhas.,FALSO
74,"Aos mal informados, isto é uma mostra de uma pequena quantidade de pinos de crack e cocaína recolhidos na área da Universidade Federal do Espírito Santo. Será que alguém ainda acha que as atitudes do governo são um &#39;equívoco&#39;. Um homem está segurando um monte de bananas. um homem está segurando um monte de bananas um homem segurando um monte de bananas maduras.",FALSO
157,"Não serão punidos, infelizmente, graças ao decreto assinado em 2015 por Dilma Rousseff que considera rompimento de barragens, desastres NATURAIS.. a close up of a statue of an elephant a close up of a statue of a cow a close up of a statue of a elephant.",FALSO
301,"PT defende estatização da Canção Nova, TV Aparecida e outras emissoras religiosas. um close de uma caixa de rosquinhas perto de uma caixa de rosquinhas com bolo em cima com um trem.",FALSO
570,O cara que chamou Moro de ladrão [Glauber Braga] sem provas [no vídeo abaixo]. Um homem de terno e gravata posando para uma foto. um homem de terno e gravata posando para uma foto um homem de terno e gravata posando para uma foto.,FALSO
63,Charge publicada na revista americana Time. E de longe a melhor expressão que já vi sobre a nossa situação atual. Parabéns ao criador.. um grupo de pessoas de pé lado a lado. um grupo de pessoas de pé ao lado uma da outra em uma mesa. um grupo de pessoas de pé lado a lado em uma rua.,FALSO
1679,Nelson Teich está auditando todos os números divulgados pelos Estados sobre o Covid-19. Um par de homens de pé perto um do outro. Um par de homens de pé ao lado um do outro em uma sala. Um homem de terno e gravata de pé ao lado de uma mulher.,FALSO
634,Bolsonaro assina decreto que proíbe o consumo de drogas em universidades e choca alunos. Um grupo de pessoas sentadas em torno de uma sala de estar. um grupo de pessoas sentadas ao redor de uma sala de estar juntas. um grupo de pessoas sentadas ao redor de uma sala de estar juntas.,FALSO
609,Transparência mostra que Bolsonaro é responsável pelo maior orçamento da Educação na história. um grupo de crianças pequenas em pé ao lado uma da outra. um grupo de crianças estão posando para uma foto. um grupo de crianças posam para uma foto juntos.,FALSO
80,"Na Alemanha o governo subiu preço de combustível. Em apenas uma hora de tempo as pessoas abandonaram seus carros nas ruas e avenidas e foram a pé para casa. Mais de um milhão de carros abandonados. Tiveram que baixar o preço. Quando o povo é inteligente, . Um grupo de pessoas parado em torno de um estacionamento. Um grupo de pessoas andando por uma rua ao lado de carros. Um grupo de pessoas andando por uma rua perto de prédios altos.",FALSO
94,Idade mínima para aposentadoria no Brasil. Homens: 65 anos. Mulheres: 62 anos. Políticos: 8 anos.. um close-up de uma tv com um relógio a close-up de uma tv com um relógio sobre ele um close de uma tela de televisão com um relógio.,FALSO
875,"Segundo o embaixador da China no Brasil, Li Jinzhang, quem invadiu área de pesca Chinesa foi o barco brasileiro Oceano Pesca I. Um barco está atracado na água perto do cais. um barco está atracado na água perto de uma cidade. Um barco está atracado na água perto do píer.",FALSO
993,"PF conclui inquérito sobre triplex de Guarujá, inocenta Lula e indicia a dona. Um grande prédio com um relógio na frente. um prédio alto com um relógio em cima um grande edifício com um relógio na frente.",FALSO
103,"Engraçado, depois que foi descoberto que o assassino de Marielle era do PT, finalmente ela morreu Ninguém fala mais nada. a close-up de uma placa de parar com adesivos em um close-up de uma placa de parar com um adesivo em cima, um close de um sinal de parar com adesivos.",FALSO
83,"Papa Francisco cancela a Bíblia e propõe criar um novo livro.. Um homem de terno e gravata segurando um celular. um homem de terno e gravata está sorrindo, um homem de terno e gravata olhando para seu celular.",FALSO
1104,"Não caiam na nova jogada suja da esquerda. Pegaram um vídeo antigo no YouTube do então Deputado federal BOLSONARO, onde ele pede para que a população compareça às manifestações do dia 15 de março. Só que essas manifestações eram sobre o impeachment da Dil. Um sinal de parada vermelha sentado no lado de uma estrada. Um sinal de parada vermelha sentado em cima de um poste de metal. Uma placa vermelha de parada sentada no lado de uma rua.",FALSO
2072,Bolsonaro teve 57 milhões de votos. Para receber os 600 reais [do auxílio emergencial] teve 170 milhões inscritos. Não é fofa a resistência. Um sinal de parada com um sinal nela. um sinal de parada com um cartaz escrito com um aviso dizendo Faça a busca do UNK '' em um sinal de rua.,FALSO
1210,"[A Holanda] já passou do pico da epidemia e está indo para o fim da epidemia. uma colagem de fotos de um computador e um teclado, uma colagem de fotos com um relógio e um livro, uma colagem de fotos de um computador e um teclado.",FALSO
583,Adivinha quem estava com o presidente miliciano na fatídica Marcha para Jesus Ele mesmo! Sargento traficante miliciano do PSL! Veja a foto.. um grupo de pessoas de pé lado a lado. um grupo de homens de pé ao lado um do outro. um grupo de pessoas de pé lado a lado em um campo.,FALSO
49,"Resumo das manifestações de hoje: 1% educação, 4% maconha, 5% Não sabem porque estão ali, 90% Lula livre.. a picture of a sign that says & UNK> ''. a picture of a sign that says & UNK> '' a picture of a sign that says `UNK & UNK> ''.",FALSO
1180,A Rússia soltou mais de 500 leões nas ruas para garantir que as pessoas fiquem em ambientes fechados durante este surto de pandemia. Um cavalo andando pela rua ao lado de um carro. um cavalo andando pela rua na frente de um carro. um cavalo andando pela rua na frente de um carro.,FALSO
131,"Adivinha quem é a mãe dessa pobre moça drogada e perdida Pasmem, mas essa moça é filha da deputada Maria do Rosário, a defensora de bandidos que, segundo ela, são pobres vítimas da sociedade. Pois foram essas pobres vítimas da sociedade que transformaram . uma mulher sentada em um banco com as pernas cruzadas. uma mulher sentada em um banco com um telefone celular. uma mulher sentada em um banco com os pés para cima.",FALSO
952,Basta colocar o número 1 na urna e ela escolhe o candidato pra você vídeo. Uma mulher sentada em cima de uma cama. Uma mulher sentada em cima de uma cama com um cobertor azul. Uma mulher sentada em cima de uma cama com um cobertor branco.,FALSO
588,"Por acaso você elegeu Rodrigo Maia para ser Presidente, 1 Ministro, ou Rei do Brasil Não podemos aceitar o governo paralelo que esse Maia, a esquerda e o centrão estão querendo implantar no País! Nós elegemos Bolsonaro para ser Presidente!. Um homem de terno e gravata parado em um quarto. Um homem de terno e gravata de pé na frente de um microfone. Um homem de terno e gravata parado em um quarto.",FALSO
44,Ele [Glenn Greenwald] e seu par sexual David Miranda - PSOL são acusados de atentar contra a segurança pública do Reino Unido.. dois homens de pé lado a lado segurando raquetes de tênis. Um homem e uma mulher de pé ao lado um do outro. dois homens de pé perto um do outro segurando raquetes de tênis.,FALSO
1187,"Fátima Bezerra PT governadora do Rio Grande do Norte, participando de ritual Voodoo com o boneco do presidente Bolsonaro.. um grupo de pessoas sentadas ao redor de uma mesa. um grupo de pessoas sentadas ao redor de uma mesa com comida. um grupo de pessoas sentadas ao redor de uma mesa com pratos de comida.",FALSO
1110,"Se você está com Dengue preste atenção: de acordo com um estudo realizado pela UFMG, o suco feito de inhame carazinho corta os efeitos da Dengue em apenas 4 horas. um prato branco encimado com uma massa ao lado de uma xícara de café. Um prato branco coberto com um donut coberto de chocolate. um prato branco encimado com uma massa e uma xícara de café.",FALSO
1230,"Sabem aquelas fotos dos caixões enfileirados como sendo de mortos pelo covid na Itália Pois é amigos, peço que vão até o Google e digitem no campo de pesquisa: Naufrágio de Lampedusa... Vejam por vcs mesmos! E vc sendo enganado mais uma vez pela globo lix. um grupo de pessoas de pé lado a lado. um grupo de pessoas de pé lado a lado na frente de um prédio. um grupo de pessoas de pé ao lado uma da outra em uma sala.",FALSO
758,"Ministra Damares cancela pagamento de 2.000 anistiados, entre eles FHC, Lula, Chico Buarque, Gilberto Gil. A farra acabou! Tchau, queridos!. Um homem segurando uma raquete de tênis na mão. Um homem segurando uma raquete de tênis nas mãos. Um homem segurando uma raquete de tênis na mão.",FALSO
849,"O príncipe saudí Kahtani, 51 anos, com sua esposa Nawaf de 6 anos de idade. Arábia preside comissão de direitos humanos da ONU!. Um homem e uma mulher de pé ao lado um do outro. um homem e uma mulher estão em pé ao lado um do outro. um homem e uma mulher em um vestido de casamento.",FALSO
2149,O Washington Post confirma a origem do paciente zero do coronavírus: ele era funcionário do famoso laboratório de virologia da cidade chinesa de Wuhan. um homem parado na cozinha preparando comida. Um homem parado na cozinha perto da pia. um homem parado na cozinha ao lado de um balcão.,FALSO
1234,"Insisto que a quarentena aumenta os casos do coronavírus. A curva da epidemia nos países que a adotaram mostra isso veja a curva do contágio na Itália,a linha verde marca início de quarentena radical. Isso pq  o contágio se transfere da rua para dentro de. Um homem de terno e gravata segurando um microfone. Um homem de terno e gravata de pé na frente de um microfone. Um homem de terno e gravata segurando um microfone.",FALSO
86,"Deu no Charlie Hebdo: Um mar de corrupção! Não adianta mais processar ninguém, o fuxico já se espalhou pelo mundo! A não ser que o STF queira bloquear o mundo inteiro!. um homem está segurando uma caixa de rosquinhas. um homem está segurando uma caixa de rosquinhas. um homem está segurando uma caixa de rosquinhas.",FALSO
158,"Pedi com os olhos cheios de lágrimas para o Ministro da Agricultura o envio de veterinários para cuidar dos animais que estavam sendo esquecidos, ele disponibilizou cerca de 100 médicos veterinários que já estão em Brumadinho dando auxílio .... um grupo de pessoas de pé ao redor de uma vaca. um grupo de pessoas paradas ao lado de uma vaca. Um homem de pé ao lado de uma vaca em uma caneta.",FALSO
708,"Assassino foi descoberto! Não é PM, não é branco.  ligado ao TRFICO. A Mídia não fala mais de Marielle. Por que Marielle foi morta por Thiago Macaco, negro, de origem pobre e bandido. Onde está o branco racista, policial e homofóbico que a esquerda e a Gl. uma jovem usando chapéu e óculos escuros. Uma mulher usando chapéu e chapéu. uma jovem garota usando chapéu e chapéu.",FALSO
162,"Existem rumores de que a renúncia ao mandato do deputado federal Jean wyllys nada tem a ver com as falsas ameaças de morte que o deputado anunciou em entrevista. A verdade é que: as investigações da PF encontraram provas robustas de desvios que ultrapassa. Um homem de terno e gravata segurando um microfone. Um homem de terno e gravata segurando um microfone, um homem de terno e gravata segurando um celular.",FALSO
1667,"Chá de limão com alho e jambu está matando os sintomas do coronavírus. Muitas pessoas ficaram boas sem precisar ir para o hospital, porque lá é pior. Deus está curando muita gente através desse chá. Quem não quiser morrer e só fazer esse chá, e tomar morn. a close up of a flower in a vase a close up of a vase with flowers in it a close of a flower in a vase on a table.",FALSO
181,A esposa do Mourão foi muito criticada pelo vestido dela! Segue o currículo dela!. um perto de um teclado e um mouse um perto de um teclado e um monitor um close de um jogador de beisebol com um taco.,FALSO
185,"Numa rara fotografia, a imagem do herói de guerra cubano Che Guevara em batalha, lutando ferozmente contra um inimnigo muito superior e armado até os dentes. Ele saiu vitorioso. Só para lembrar que foi na revolução comunista que implantou a democracia em . um grupo de homens de pé ao lado um do outro. Um grupo de homens de pé ao lado um do outro em um campo. uma foto em preto e branco de um grupo de pessoas.",FALSO
194,Príncipe Harry fez questão de conhecer Fernando Haddad e enviou uma carta ao presidente Lula. um grupo de homens de pé ao lado um do outro. um grupo de pessoas de pé lado a lado. um grupo de homens de pé ao lado um do outro em uma sala.,FALSO
198,"Você sabia que 2% de toda arrecadação do veículo do Mercosul será destinado para a Entidade Internacional do Mercosul a RENAC, você sabe o que é a RENAC   RENAC é Reconstrucción Nacional de Cuba.. Um par de sinais que estão em um poste. Um par de sinais que estão em um poste um par de sinais que estão em cima de um poste.",FALSO
1921,OLHA ESSA IMAGEM QUE ABSURDO TIRADA ONTEM NO GINASIO DO IBIRAPUERA COMPLEXO PARA INFECTADOS POR COVID19 OLHA COMO ESTA LOTADO QUE OS MDICOS E ENFERMEIROS NEM SABEM O QUE FAZER. um grupo de pessoas de pé em uma sala. um grupo de pessoas de pé em um quarto ao lado de uma cama. um grupo de pessoas de pé em um quarto com bagagem.,FALSO
663,Documento do Wikileaks revela que Globo repassou à Unesco apenas 10% do que arrecadou com o Criança Esperança. Uma fileira de pranchetas sobre uma mesa. Um monte de pranchetas de surfe em uma mesa. Uma fileira de pranchetas sobre um rack.,FALSO
873,"A Comissão de Direitos Humanos de Minas Gerais ... conseguiu autorizar a prisão do estudante de 21 anos que reagiu a um assalto com arma de brinquedo e espancou o bandido. ... De acordo com a presidente da Comissão, Gizelle Rosário Leitte, o jovem agiu co. um grupo de pessoas de pé no topo de uma quadra de tênis. Um grupo de pessoas andando pela rua. Um grupo de pessoas de pé em cima de uma encosta coberta de neve.",FALSO
1128,"Caminhões militares estão carregando corpos em Bergamo, para prosseguir com o processo de cremação.. uma rua da cidade cheia de muito trânsito. uma rua da cidade cheia de muito tráfego perto de prédios altos. uma rua da cidade cheia de tráfego e tráfego.",VERDADEIRO
1218,Pesquisadores da USP desenvolvem ventilador pulmonar de baixo custo - TNH1. uma tesoura pousada em cima de uma mesa. uma tesoura bem em cima de uma mesa.,VERDADEIRO
1245, Certificado digital do Banco Inter é revogado após chave vazar na web. uma colagem de fotos de uma pessoa segurando um celular uma colagem de fotos de um homem segurando um celular uma colagem de fotos de um homem segurando um celular.,VERDADEIRO
1247," Pesquisador acha 5 mil roteadores de internet sem senha no Brasil. uma tesoura pousada em cima de uma mesa. uma tesoura em cima de uma mesa, uma tesoura em cima de uma mesa.",VERDADEIRO
1251, Opera Touch: conheça o novo navegador de internet para dispositivos móveis pode ser usado só com uma mão. a close up of a nintendo wii remota um close-up de um nintendo wii controle remoto um close-up de um nintendo wii.,VERDADEIRO
1253, Android: clicar sobre o link do esquilo faz com que seja instalado um vírus perigoso no celular. Uma pessoa segurando um celular em suas mãos. Uma pessoa segurando um celular em suas mãos uma pessoa segurando um celular em suas mãos.,VERDADEIRO
1254, Provedor que derrubou site nazista pode ser julgado por pirataria. um par de tesouras bem perto de uma pessoa segurando uma tesoura perto de uma pessoa segurando uma raquete de tênis..,VERDADEIRO
1257, Aplicativo Signal sofre bloqueio após mudanças do Google e da Amazon. a close-up de um sinal de pare com um fundo do céu um ponteiro de uma placa de rua com um fundo de céu próximo de um sinal de parada com um adesivo sobre ele.,VERDADEIRO
1263, Saber quem visita perfil no Facebook e segurança do Android: pacotão. a close up de uma placa de rua com um céu fundo perto de uma placa de rua em um poste de uma placa de rua com árvores ao fundo.,VERDADEIRO
1264, Golpe do Bolsa Família atrai 600 mil vítimas no WhatsApp. um close-up de uma pessoa segurando um wii controle remoto um perto de uma pessoa segurando um wii Nintendo remota um perto de uma pessoa segurando um frisbee branco.,VERDADEIRO
1265, Grasshopper: conheça o game interativo que ensina a programar no celular. a close-up de uma pessoa segurando um celular um perto de um nintendo wii remota um close-up de um nintendo wii controle de jogo.,VERDADEIRO
1267," Facebook: saiba como denunciar ofensas e abusos ocorridos na rede social. uma mulher de camisa azul está segurando um frisbee branco, uma mulher de camisa azul, segurando uma gravata azul e branca que uma mulher de camisa azul está segurando uma gravata branca e azul.",VERDADEIRO
1272, Windows 10 Timeline: saiba como usar a nova ferramenta que simplifica o gerenciamento da rea de Trabalho. um laptop sentado em cima de uma mesa. um laptop sentado em cima de uma mesa de madeira. um laptop sentado em cima de uma mesa.,VERDADEIRO
1274, Cloudflare: como acelerar a navegação na internet no celular usando novo DNS público. Um sinal de parada vermelha sentado no lado de uma estrada. Um sinal de parada com um adesivo em cima um sinal vermelho de parada em cima de um poste de metal.,VERDADEIRO
1276, AMD lança nova atualização para corrigir falha Spectre. Um sinal de parada vermelha sentado no lado de uma estrada. Um sinal de parada vermelha sentado em cima de um poste de metal. Uma placa vermelha de parada sentada no topo de uma rua coberta de neve.,VERDADEIRO
1278, Facebook lança ferramenta de remoção de aplicativos em massa; veja. um close de uma pessoa segurando um telefone celular um close-up de uma pessoa segurando um par de tesouras perto de um sinal de parada com fundo de céu.,VERDADEIRO
1279," Grande ameaça hacker de 2017, vírus de resgate estão em declínio. uma colagem de fotos de um homem segurando um frisbee. uma colagem de fotos de um homem segurando um frisbee um grupo de pessoas ao redor de uma mesa com um laptop.",VERDADEIRO
1284,Unicamp divulga calendário de datas do vestibular 2021 e outras modalidades de ingresso. um grupo de pessoas sentadas ao redor de uma mesa. um grupo de pessoas sentadas ao redor de uma mesa comendo comida. um grupo de pessoas sentadas ao redor de uma mesa com comida.,VERDADEIRO
1285,"MEC autoriza antecipar formatura em medicina, enfermagem, farmácia e fisioterapia devido à pandemia do coronavírus. uma mulher está segurando um celular em sua mão. uma mulher de camisa branca está segurando um celular uma mulher está segurando um celular na mão.",VERDADEIRO
1287,Universidades federais da Zona da Mata e Vertentes adotam medidas orçamentárias para pesquisas da Covid-19. um perto de uma pessoa segurando um Nintendo wii remota um perto de um pincel dentário em uma mesa perto de uma pessoa segurando um controle remoto.,VERDADEIRO
1290,"MEC abre cadastro para estudantes de medicina, enfermagem, farmácia e fisioterapia atuarem no combate ao coronavírus. um grupo de pessoas de pé em uma cozinha. um grupo de pessoas na cozinha preparando comida. um grupo de pessoas em volta de uma cozinha.",VERDADEIRO
1294,Coronavírus: Unicamp começa testes rápidos com resultados em até 48h para diagnóstico da Covid-19. Um homem de terno e gravata segurando um copo de vinho. Um homem de terno e gravata segurando um drink. Um homem de terno e gravata segurando um drink.,VERDADEIRO
1298,Coronavírus: Unicamp é credenciada e negocia com estado para realizar até 180 mil testes. um homem de camisa branca está segurando um snowboard um homem de camisa branca e gravata em pé em um quarto. Um homem de camisa branca está segurando uma prancha de neve.,VERDADEIRO
1300,"Bolsonaro suspende obrigatoriedade de dias mínimos do ano letivo, mas mantém carga horária em meio à pandemia do coronavírus. Um homem de terno e gravata está sorrindo. Um homem de terno e gravata olhando para a câmera. Um homem de terno e gravata olhando para a câmera.",VERDADEIRO
1301,Enem em tempos de pandemia: o que muda na preparação dos jovens para a prova de 2020. um homem sentado a uma mesa com um laptop. um homem sentado a uma mesa com um laptop. Uma pessoa sentada à mesa com um laptop.,VERDADEIRO
1308,"Mães sobrecarregadas, jovens ainda nas ruas: os desafios da quarentena para crianças em regiões carentes. Um garoto está brincando com uma bola na calçada. um jovem garoto está brincando com uma bola na calçada. um jovem garoto está brincando com uma bola em um parque.",VERDADEIRO
1310,Unicamp abre inscrições para bolsas de iniciação científica e tecnológica; veja como participar. um grande relógio no lado de um prédio. um grande prédio com um relógio em cima um grande relógio na lateral de um prédio alto.,VERDADEIRO
1311,Coronavírus: pesquisadores da Unifesp doam para hospitais máscaras feitas em impressora 3D. uma mulher de camisa branca e gravata vermelha uma mulher de camisa branca e gravata preta uma mulher de camisa branca e gravata preta.,VERDADEIRO
1312,Universidades públicas suspendem aulas virtuais em meio ao coronavírus; particulares se mobilizam contra redução de mensalidades. um grupo de pessoas do lado de fora de um prédio. um grupo de pessoas de pé na frente de um prédio. um grupo de pessoas de pé na frente de um prédio alto.,VERDADEIRO
1316,Desenho e pintura para crianças: 10 dicas de atividades para fazer em casa na quarentena. uma pessoa cortando um bolo com uma faca. um homem cortando um bolo com uma faca. uma pessoa cortando um bolo com uma faca.,VERDADEIRO
1317,Como montar um plano de estudos para as crianças que seja adequado à rotina de isolamento por causa do coronavírus. uma garotinha sentada na frente de um laptop. uma garotinha sentada à mesa com um laptop. uma garotinha sentada em uma mesa com um laptop.,VERDADEIRO
1318,"Estados vão manter aulas suspensas para frear transmissão do novo coronavírus, diz entidade. um grupo de pessoas em volta de uma cozinha. um grupo de pessoas ao redor de uma mesa. um grupo de pessoas ao redor de uma mesa com comida.",VERDADEIRO
1319,UFJF suspende calendário acadêmico de 2020 por tempo indeterminado após coronavírus. um grande prédio com uma grande torre de relógio. Um grande prédio com uma torre de relógio em cima. um grande prédio com uma torre de relógio no topo.,VERDADEIRO
1323,Absurdo total: cientistas condenam teoria espalhada na internet de que 5G transmite coronavírus. Uma pessoa segurando um celular em suas mãos. Uma mulher segurando um celular na mão. Uma pessoa segurando um celular em suas mãos.,VERDADEIRO
1325,"Precisamos entender que fazemos parte de um grande ecossistema, diz empresário por trás do Não Demita!. Um homem de terno e gravata está sorrindo. Um homem de terno e gravata sorri, um homem de terno e gravata de pé em um quarto.",VERDADEIRO
1326,"Como será feito o pagamento do auxílio emergencial de R$ 600. uma colagem de fotos de um homem segurando um frisbee. uma colagem de fotos de uma pessoa segurando um frisbee, uma colagem de fotos de um homem segurando um frisbee.",VERDADEIRO
1328,China ultrapassa EUA e se torna campeã de pedidos internacionais de patentes. um prédio com um relógio na lateral de um prédio com um relógio na lateral. Um prédio com um grande relógio na lateral.,VERDADEIRO
1334,Gol suspende projeções e manterá maior parte da frota em terra até maio. Um grande jato sentado em cima de uma passarela de aeroporto. Um grande Delineador sentado em cima de um aeroporto. Um grande jato passageiro sentado no topo de uma passarela de aeroporto.,VERDADEIRO
1338,Caixa lança site e aplicativo para solicitar auxílio emergencial de R$ 600. um laptop sentado em cima de uma mesa. Um laptop colocado em cima de uma caixa. um laptop sentado em cima de uma mesa de madeira.,VERDADEIRO
1340,Japão declara emergência por coronavírus e aprova estímulo de quase US$ 1 trilhão. Um homem de terno e gravata está sorrindo. Um homem de terno e gravata parado em um quarto. Um homem de terno e gravata está sorrindo.,VERDADEIRO
1343,WhatsApp limita reenvio de mensagens a 1 destinatário por vez em meio à crise do novo coronavírus. Uma pessoa segurando um celular em suas mãos. Uma pessoa segurando um celular em suas mãos. Uma pessoa segurando um celular em suas mãos.,VERDADEIRO
1350,"Suspensão de contrato e redução de salário têm efeito após manifestação de sindicatos, decide ministro. Um homem de terno e gravata está sorrindo. Um homem de terno e gravata parado em um quarto. Um homem de terno e gravata está sorrindo.",VERDADEIRO
1360,Canadá e EUA encaram perdas em safras por falta de mão de obra estrangeira. Um grupo de pessoas no topo de um campo verde exuberante. Um grupo de pessoas de pé em um campo verde exuberante. Um grupo de pessoas de pé em cima de um campo coberto de grama.,VERDADEIRO
1379,Casal brasileiro na Namíbia faz apelo: Não nos deixem para trás. um homem e uma mulher sentados a uma mesa com pratos de comida. um homem e uma mulher sentados a uma mesa com um prato de comida. um homem e uma mulher estão sentados em uma mesa com um bolo.,VERDADEIRO
1380,Ministério da Saúde define novas orientações sobre distanciamento social. Uma mulher sentada em um banco na rua. Uma mulher sentada em um banco na frente de um prédio. Uma mulher sentada em um banco na rua.,VERDADEIRO
1382,Temos de usar sacos de lixo na cabeça: médicos britânicos improvisam no combate ao coronavírus. uma mulher está sentada no chão com um animal de pelúcia. uma mulher está sentada no chão com um animal de pelúcia. uma mulher está sentada no chão com um animal de pelúcia.,VERDADEIRO
1394,Justiça manda Inep ampliar prazo para isenção de taxa de inscrição e adequar cronograma do Enem. um livro e um livro sobre uma mesa. um livro está sobre um livro. um livro está sobre um livro.,VERDADEIRO
1395,Estudo em parceria com a Unesp de Botucatu prevê pandemia mais forte no interior de SP em três semanas. Um homem de terno e gravata está sorrindo. Um homem de terno e gravata parado em um quarto. Um homem de terno e gravata está sorrindo.,VERDADEIRO
1398,"Presidente do CNPq, João Luiz Filgueiras de Azevedo é exonerado. um homem sentado na frente de um laptop. um homem sentado a uma mesa com um laptop. um homem sentado a uma mesa com um laptop.",VERDADEIRO
1400,Defensoria pede que data do Enem 2020 seja alterada por causa da pandemia de coronavírus. Uma pessoa segurando um celular em suas mãos. um livro está sobre um livro. um livro está sobre um livro.,VERDADEIRO
1404,Jovens sem estrutura para estudar em casa temem por desvantagem no Enem: Atrapalhou tudo. Uma mulher segurando um remoto wii em suas mãos. Uma mulher segurando um remoto wii em sua mão. Uma mulher segurando um remoto wii em suas mãos.,VERDADEIRO
1405,PGR pede ao STF inquérito para investigar Weintraub por suposto racismo contra chineses. Um homem de terno e gravata de pé na frente de um microfone. Um homem de terno e gravata olhando para a câmera. Um homem de terno e gravata olhando para a câmera.,VERDADEIRO
1407,Enem 2020: prazo para pedir isenção na taxa de inscrição e justificar ausência termina nesta sexta; veja como solicitar. um grupo de pessoas de pé lado a lado. um grupo de pessoas de pé perto um do outro em uma encosta coberta de neve. um grupo de pessoas de pé lado a lado na frente de um prédio.,VERDADEIRO
1410,Coronavírus: Justiça aceita pedido do MPF e direciona R$ 1 milhão de delação premiada para Unicamp. uma cozinha com uma mesa e cadeiras em uma cozinha com muitas cadeiras e uma mesa uma cozinha com uma mesa e cadeiras e uma mesa.,VERDADEIRO
1412,Unicamp 2021: comissão divulga prazo para pedidos de isenção e estende benefício a novos cursos. um grupo de pessoas sentadas ao redor de uma mesa. um grupo de pessoas sentadas ao redor de uma mesa com laptops. um grupo de pessoas sentadas em uma mesa com laptops.,VERDADEIRO
1414,Coronavírus: Unicamp registra 300 pedidos para emprestar equipamentos em ações remotas e monitora impacto econômico. Um homem parado na frente de um prédio com um sinal. De pé ao lado de uma árvore com um monte de bananas. De pé ao lado de uma árvore com um monte de bananas.,VERDADEIRO
1415,"Nova York decide manter escolas fechadas pelo resto do ano letivo, em meio à expansão de casos de coronavírus. um homem andando de skate em uma rua. um homem andando de skate em uma rua. um homem montando um skate em uma estrada.",VERDADEIRO
1417,"Unicamp diz que apoio ao uso da cloroquina contra coronavírus se baseia em evidências frágeis. um grande grupo de pessoas de pé em torno de um grande prédio. um grande grupo de pessoas, de pé em torno de um grande prédio, um grande grupo de pessoas está reunido em torno de uma grande árvore.",VERDADEIRO
1418,"Janio Macedo, secretário de Educação Básica, pede demissão do MEC. um grupo de pessoas ao redor de uma mesa. um grupo de pessoas em volta de uma mesa com um bolo. um grupo de homens em volta de uma mesa com um bolo.",VERDADEIRO
1419,"Estados adotam plataformas online e aulas na TV aberta para levar conteúdo a estudantes em meio à pandemia de coronavírus. Uma pessoa segurando um celular em suas mãos. uma pessoa segurando um celular na mão, uma pessoa segurando um celular na frente de um laptop.",VERDADEIRO
1421,"Para enfrentar quarentena, alunos da Unesp e UFSCar recriam faculdades em realidade virtual. Um sinal que está do lado de um prédio. Um sinal que está em cima de um poste. Um sinal que está em um poste na frente de um prédio.",VERDADEIRO
1422,Coronavírus: serviço de orientação da Unicamp recebe 300 ligações em uma semana e alunos da PUC atendem via chat; tire dúvidas. Um homem de terno e gravata de pé no campo. Um homem de terno e gravata parado em uma floresta. Um homem de terno e gravata está sorrindo.,VERDADEIRO
1423,Coronavírus: Justiça manda bancos suspenderem cobrança de empréstimos de aposentados. um grupo de pessoas de pé lado a lado. um grupo de pessoas de pé em uma sala. um grupo de pessoas de pé ao lado uma da outra em uma sala.,VERDADEIRO
1430,Agências da Caixa voltam a registrar filas e aglomerações para saques do auxílio emergencial em Fortaleza. um grupo de pessoas ao redor de uma mesa. um grupo de pessoas sentadas ao redor de uma mesa. um grupo de pessoas ao redor de uma mesa com comida.,VERDADEIRO
1433,Preço do petróleo americano despenca e opera em terreno negativo pela primeira vez na história. Uma placa de semáforo e rua em um poste. Um sinal de trânsito com uma placa de rua ligada a ele. Um sinal de trânsito com uma placa de rua.,VERDADEIRO
1439,"Recessão aumentou mortes em cidades onde gasto com assistência e saúde foi menor, diz estudo. Um monte de barcos que estão na água. um monte de barcos que estão sentados na água. Um bando de barcos flutuando na água.",VERDADEIRO
1442,Famílias com renda de cerca de R$ 3 mil devem ter maior perda de consumo com crise do coronavírus. Um grupo de pessoas andando pela rua. Um grupo de pessoas andando por uma rua perto de prédios altos. Um grupo de pessoas andando por uma rua ao lado de um prédio.,VERDADEIRO
1445,Produção comercial de castanhas na Amazônia ajuda na recuperação de florestas e movimenta economia local. Um grupo de pessoas no topo de um campo verde exuberante. Uma pessoa voando uma pipa em um parque. Uma pessoa voando uma pipa em um campo.,VERDADEIRO
1460,Coronavírus interrompe série histórica de Viracopos e total de passageiros reduz 31% em março. uma estação de trem com um trem nos trilhos. uma estação de trem com um trem passando. uma estação de trem com um trem nos trilhos.,VERDADEIRO
1468,Justiça proíbe bancos de cobrarem crédito consignado de aposentados - Notícias - R7 Economia. Um livro está deitado em cima de uma cama. um livro está deitado em cima de uma cama um livro sobre uma cama com um livro.,VERDADEIRO
1515,Alunos do ensino médio da rede pública do DF começam a ter aulas online nesta quarta. Uma pessoa segurando um celular em suas mãos. Uma pessoa segurando um celular em suas mãos uma pessoa segurando um celular em suas mãos.,VERDADEIRO
1517,"Inglesa Norton Motorcycles é comprada pela indiana TVS, atual parceira de BMW e Dafra. uma motocicleta estacionada no acostamento de uma estrada. uma motocicleta estacionada no acostamento da estrada. uma motocicleta está estacionada no acostamento da estrada.",VERDADEIRO
1524,"Guedes diz que preservar sinais vitais da economia não significa sair do isolamento agora. Um homem de terno e gravata segurando um celular. Um homem de terno e gravata segurando um telefone celular, um homem de terno e gravata segurando um celular.",VERDADEIRO
1525,Facebook remove de plataforma eventos nos EUA de protestos contra quarentena. uma rua da cidade cheia de muito trânsito. uma rua da cidade cheia de prédios altos. uma rua da cidade cheia de tráfego e prédios altos.,VERDADEIRO
1526,Trump anuncia compra de 75 milhões de barris de petróleo para reserva dos EUA. Um homem de terno e gravata parado na frente de um prédio. Um homem de terno e gravata de pé na frente de um microfone. Um homem de terno e gravata parado na frente de um prédio.,VERDADEIRO
1538,Coronavírus: Unicamp estende suspensão de atividades presenciais e Cruesp reforça importância do isolamento. um grande prédio com uma grande torre de relógio. Um grande prédio com uma torre de relógio em cima. um grande prédio com uma torre de relógio no meio.,VERDADEIRO
1539,UFJF distribui máscaras e kits de higiene para pessoas em situação de vulnerabilidade em Juiz de Fora. Um homem e uma mulher de pé ao lado um do outro. Um par de pessoas que estão de pé na rua. Um par de pessoas que estão de pé na rua.,VERDADEIRO
1540,MEC adia versão digital do Enem 2020 e muda regra para isenção de taxa de inscrição. um grupo de pessoas de pé lado a lado. um grupo de pessoas de pé perto um do outro em uma encosta coberta de neve. um grupo de pessoas de pé lado a lado na frente de um prédio.,VERDADEIRO
1549,Filas e incerteza: mulheres que criam filhos sozinhas esperam pelo auxílio-emergencial durante pandemia. Um homem segurando um celular na mão. Um homem tirando uma foto de si mesmo em um espelho. Um homem segurando um celular na mão.,VERDADEIRO
1551,Veja as vagas de emprego do Sine Macapá para 23 de abril; inscrições são apenas pela web. um homem parado na cozinha preparando comida. um homem parado na cozinha preparando comida para um homem parado na cozinha segurando uma faca.,VERDADEIRO
1554,Credores da Odebrecht aprovam planos de reestruturação para 12 de 20 subsidiárias. Um sinal vermelho de parada sentado no lado de um prédio. Um sinal de parada vermelha sentado ao lado de um prédio alto. Um sinal vermelho de parada sentado no topo de um prédio.,VERDADEIRO
1557,"Câmara aprova projeto que cria linha de crédito para micro e pequenas empresas. Um homem de terno e gravata sentado em uma cadeira. Um homem de terno e gravata sentado numa cadeira, um homem de terno e gravata, sentado numa cadeira.",VERDADEIRO
1562,Como fazer máscaras E pudim O que os brasileiros mais buscam no Google em meio à pandemia. um laptop sentado em cima de uma mesa de madeira. um laptop sentado em cima de uma mesa de madeira. um laptop sentado em cima de uma mesa.,VERDADEIRO
1565,Nissan suspende contratos de trabalhadores de produção no Brasil por 1 mês. uma estação de trem com um trem nos trilhos. uma estação de trem com um trem passando. uma estação de trem com um trem nos trilhos.,VERDADEIRO
1568,"Fiat Chrysler chega a acordo com trabalhadores para redução de jornada no Brasil. Um prédio grande com muitas janelas. Um prédio grande com um monte de janelas, um prédio grande com uma placa na lateral.",VERDADEIRO
1575,Indústria de frango no Brasil vê corte na produção por efeito do coronavírus. Um rebanho de ovelhas de pé perto um do outro. um rebanho de ovelhas de pé perto um do outro em uma gaiola. Um rebanho de ovelhas de pé perto um do outro em um campo.,VERDADEIRO
1578,JBS fecha unidade de suínos nos EUA devido ao coronavírus e reduz oferta no país. Um sinal que está do lado de um prédio. Um sinal que está ao lado de uma parede. Um sinal que está num poste lá fora.,VERDADEIRO
1622,Veja as vagas de emprego do Sine Macapá para 24 de abril; inscrições são apenas pela web. um homem parado na cozinha preparando comida. um homem parado na cozinha preparando comida para um homem parado na cozinha segurando uma faca.,VERDADEIRO
1627,Alcolumbre diz que articula contrapartidas de estados em projeto de ajuda financeira. Um homem de terno e gravata de pé na frente de um microfone. Um homem de terno e gravata segurando uma câmera. Um homem de terno e gravata está sorrindo.,VERDADEIRO
1634,"Mais de 5 mil funcionários da indústria de carnes dos EUA foram expostos ao coronavírus, diz associação. Um grupo de pessoas andando pela rua. um grupo de pessoas ao lado de um prédio. Um grupo de pessoas andando por uma rua ao lado de um prédio.",VERDADEIRO
1636,"Auxílio emergencial: quem se cadastrou entre 7 e 10 de abril no aplicativo da Caixa e ainda está sob análise deve revisar o cadastro, diz Cidadania. um grupo de pessoas em volta de uma mesa com um bolo. um grupo de pessoas em volta de uma mesa com um bolo em cima. Um grupo de pessoas sentadas à mesa com um laptop.",VERDADEIRO
1638,"Brasil tem 47 shoppings reabertos em 8 estados, diz associação. um hidrante na beira da estrada. um hidrante no lado de uma estrada. um hidrante no lado de uma rua.",VERDADEIRO
1642,"Indústria de veículos se prepara para retomada, mas em velocidade menor, diz Anfavea. Um monte de carros que estão na rua. Um monte de carros que estão sentados na rua. Um monte de carros que estão estacionados.",VERDADEIRO
1643,"Mercedes-Benz suspende contratos e reduz jornadas de trabalho em São Bernardo do Campo, SP. uma estação de trem com um trem nos trilhos. uma estação de trem com um trem nos trilhos uma estação de trem com um trem passando.",VERDADEIRO
1693,Fim do confinamento: retorno às escolas em 11 de maio divide pais de alunos na França. um homem parado na cozinha preparando comida. um grupo de pessoas em volta de uma cozinha. um grupo de pessoas em volta de uma cozinha preparando comida.,VERDADEIRO
1694,"Região de Campinas inicia semana com oportunidades de emprego em 3 cidades e inscrição para 158 vagas em concurso público. em um par de tesouras, uma pessoa segurando uma tesoura em cima de uma mesa.",VERDADEIRO
1696,Auxílio Emergencial: saques em dinheiro da poupança digital começam a ser liberados nesta segunda; veja calendário. Uma pessoa segurando um celular em suas mãos. Uma pessoa segurando um celular em suas mãos. Uma pessoa segurando um celular em suas mãos.,VERDADEIRO
1698,"Com isolamento e renda menor, brasileiro consome menos e foca em produtos básicos. um close de um jogador de beisebol com um taco de perto de um jogador de beisebol com uma luva de um sinal de pare com um cartaz em cima.",VERDADEIRO
1704,"Conheça a Bomba Rosário, um equipamento que pode ajudar produtores do sertão do Nordeste. um grupo de pessoas de pé lado a lado. um grupo de pessoas de pé na frente de um prédio. um grupo de pessoas de pé na frente de um prédio.",VERDADEIRO
1719,"Auxílio emergencial: novo calendário para segunda parcela sai no início da semana. Um homem de terno e gravata borboleta parado em um quarto. um homem de terno e gravata segurando um microfone, um homem de terno e gravata borboleta de pé na frente de um microfone.",VERDADEIRO
1722,Coden Ambiental suspende provas de concurso público em Nova Odessa. uma rua da cidade cheia de muito trânsito. uma rua da cidade cheia de muito tráfego perto de prédios altos. uma rua da cidade cheia de tráfego e prédios altos.,VERDADEIRO
1725,Boeing rescinde acordo de compra da área da aviação comercial da Embraer. Um grande jato passageiro voando através de um céu azul. Um grande jato voando através de um céu azul. Um grande jato voando através de um céu azul nublado.,VERDADEIRO
1726,Golpe da falsa taxa extra em app de comida dá prejuízo de R$ 6 mil a cliente; Procon notifica empresas. Uma bicicleta com um capacete na calçada. uma bicicleta com um capacete sobre ela ao lado de uma bicicleta. uma bicicleta com um capacete sobre ela sentada ao lado de uma bicicleta.,VERDADEIRO
1728,"Crise com saída de Moro coloca dúvida sobre reformas e piora expectativas de crescimento, dizem analistas. um grupo de homens de pé ao lado um do outro. um grupo de pessoas ao redor de uma mesa. um grupo de homens de pé ao lado um do outro em uma sala.",VERDADEIRO
1736,CNE vota nesta terça diretrizes para reorganizar o calendário escolar - TNH1. Uma pessoa segurando um celular em suas mãos. Uma pessoa segurando um celular em suas mãos uma pessoa segurando um celular em suas mãos.,VERDADEIRO
1753,China tem volta às aulas do ensino médio com fortes medidas de segurança e medo do coronavírus. um grupo de homens de pé ao lado um do outro. um grupo de homens parados ao lado de um prédio. um grupo de homens de pé lado a lado na frente de um prédio.,VERDADEIRO
1758,74% dos empregados da indústria automotiva têm contrato suspenso ou jornada reduzida temporariamente. Um homem parado ao lado de uma carroça cheia de bananas. Um homem de pé ao lado de uma carroça cheia de bananas. Um homem parado ao lado de uma carroça cheia de bananas.,VERDADEIRO
1759,Senado aprova MP que adia prazo para municípios criarem plano de mobilidade urbana. um grupo de pessoas sentadas ao redor de uma mesa de computador. um homem sentado a uma mesa com um laptop. um grupo de pessoas sentadas ao redor de uma mesa de computador.,VERDADEIRO
1762,"Preços dos combustíveis nos postos caem mais de 2% na semana, aponta ANP. uma tesoura pousada em cima de uma mesa. uma tesoura sobre uma mesa. uma tesoura pousada em cima de uma folha de papel.",VERDADEIRO
1767,Preço do petoleo nos EUA despenca 25%; Brent cai abaixo de US$ 20barril. Uma placa de semáforo e rua em um poste. Um sinal de trânsito com uma placa de rua ligada a ele. Um sinal de trânsito com uma placa de rua.,VERDADEIRO
1768,"Sobe para 48 os casos confirmados de coronavírus entre funcionários de frigorífico em Passo Fundo, diz MPT. um grupo de pessoas do lado de fora de um prédio. um grupo de pessoas ao lado de um trem. um grupo de pessoas paradas na frente de um trem.",VERDADEIRO
1775,"Volkswagen retoma produção em maior fábrica da Europa, e Fiat reinicia atividades na Itália. Um homem sentado em cima de um banco de madeira. um homem sentado em cima de um banco ao lado de uma pilha de bagagem. Um homem sentado em um banco ao lado de uma parede.",VERDADEIRO
1776,WhatsApp afirma que volume de mensagens encaminhadas caiu 70% após limite de envio a apenas um destinatário. um adesivo de um sinal de parada com um adesivo em cima um teclado e um mouse um perto de um teclado e um monitor.,VERDADEIRO
1779,Empresa diz que aplicativo Mail do iPhone tem falha grave; Apple avalia que não há risco para usuários. Um homem segurando uma pipa na frente de um prédio. Um homem segurando uma pipa na frente de uma multidão. um homem está segurando uma pipa na frente de um prédio.,VERDADEIRO
1783,Volkswagen e Scania retomam a produção de caminhões e ônibus no Brasil. Um homem sentado em uma moto com um cachorro no colo. um homem está sentado em uma moto com um cão. Um homem sentado em uma moto com um cachorro no colo.,VERDADEIRO
1786,Governo federal confirma R$ 500 milhões para apoiar agricultura familiar na pandemia do coronavírus. Um homem parado no topo de um campo verde exuberante. Um homem de pé no campo segurando uma pipa. Um homem de pé no campo com uma pipa.,VERDADEIRO
1793,Embraer abre processo de arbitragem após Boeing rescindir acordo entre as empresas. a close up of a street sign with a sky background a close up of a stop sign with a sky background a close of a stop sign with a sign on it.,VERDADEIRO
1813,Conselho Nacional de Educação recomenda que aulas não presenciais contem como carga horária em tempos de pandemia. um grupo de pessoas em volta de uma cozinha. um grupo de pessoas ao redor de uma mesa. um grupo de pessoas ao redor de uma mesa com comida.,VERDADEIRO
1814,Coronavírus: Unicamp integra pesquisa para mapear impacto da pandemia na população brasileira. um grande prédio com uma torre de relógio no meio. um grande prédio com uma torre de relógio ao fundo. um grande prédio com uma torre de relógio no meio.,VERDADEIRO
1815,STF abre inquérito para investigar Weintraub por suposto racismo contra chineses. Um homem de terno e gravata de pé na frente de um microfone. Um homem de terno e gravata olhando para a câmera. Um homem de terno e gravata olhando para a câmera.,VERDADEIRO
1816,Israel testa volta às aulas durante pandemia de novo coronavírus. um grupo de pessoas de pé em uma sala. um grupo de pessoas de pé em uma sala com um relógio. um grupo de pessoas de pé em um quarto com bagagem.,VERDADEIRO
1817,Justiça mantém cronograma do Enem e determina 2 de maio como data limite para pedir isenção da taxa. um grupo de pessoas de pé lado a lado. um grupo de pessoas de pé perto um do outro em uma encosta coberta de neve. um grupo de pessoas de pé lado a lado na frente de um prédio.,VERDADEIRO
1832,"Campus Party 2020 adia eventos presenciais no Brasil e anuncia edição digital em Brasília. um sinal de parar, que tem um monte de adesivos em si um sinal de parar, que tem um monte de adesivos nele. Um sinal de parada que tem um sinal.",VERDADEIRO
1840,Preços de petróleo avançam após crescimento abaixo do esperado em estoques dos EUA. uma grande quantidade de pássaros sentados em cima de uma mesa. uma grande quantidade de pássaros sentados em cima de uma mesa de madeira. uma grande quantidade de pássaros sentados em cima de um objeto de metal.,VERDADEIRO
1848,"Com revogação de MP, acidente no trajeto até emprego volta a ser considerado como de trabalho. um livro e um livro sobre uma mesa. um livro e um livro sobre uma mesa. um livro e um livro sobre uma mesa.",VERDADEIRO
1849,"Google libera Meet, ferramenta executiva de vídeochamadas, para todos os usuários. um grupo de mulheres de pé ao lado uma da outra. um grupo de pessoas de pé lado a lado. um grupo de pessoas de pé em uma sala.",VERDADEIRO
1850,"Microsoft corrige brecha no Teams que deixava contas expostas ao receber links de imagens. em um par de tesouras, uma pessoa segurando uma tesoura em cima de uma mesa.",VERDADEIRO
1857,"Petrobras prevê concluir 2020 com dívida bruta de US$ 87 bi, mesmo patamar de 2019. a close up de uma placa de rua com um céu fundo perto de uma placa de rua em um poste de uma placa de rua com um prédio ao fundo.",VERDADEIRO
1863,Estudo prevê que pandemia no Brasil chegue ao fim em agosto - Notícias - R7 Tecnologia e Ciência. a close-up de um bolo em uma mesa um close-up de um bolo em forma de um trem de perto de um bolo em forma de um trem.,VERDADEIRO
1878,Enem: Estudantes terão até 2 de maio para pedir isenção; veja efeitos de decisões judiciais no cronograma. Uma pessoa segurando um celular em suas mãos. um livro está sobre um livro. um livro está sobre um livro.,VERDADEIRO
1882,Isolamento faz gigantes de tecnologia liberarem aplicativos e lançarem funções novas: veja o que mudou. duas mulheres sentadas em uma mesa com um laptop. Duas mulheres sentadas à mesa com um laptop. duas mulheres sentadas em uma mesa com laptops.,VERDADEIRO
1883,Hackers precisam invadir o celular ou computador para clonar cartões de crédito. um laptop sentado em cima de uma mesa. um laptop sentado em cima de uma mesa de madeira. um laptop sentado em cima de uma cama.,VERDADEIRO
1889,Medida Provisória adia Lei Geral de Proteção de Dados para 2021. uma pessoa segurando uma tesoura em suas mãos. uma pessoa cortando um pedaço de papel com tesoura. uma pessoa segurando uma tesoura em suas mãos.,VERDADEIRO
1890,"Após Trump sugerir restringir viagens entre EUA e Brasil, Pompeo quer retomar voos para recuperar economia. Um homem de terno e gravata sentado no banco. Um homem de terno e gravata sentado na frente de um microfone. Um homem de terno e gravata sentado no banco.",VERDADEIRO
1891,Grupo Volkswagen cita crise sem precedentes ao fazer balanço de vendas do 1 trimestre. Um carro estacionado em frente a um prédio. um carro está estacionado em frente a um prédio. um carro está estacionado em frente a um prédio.,VERDADEIRO
1896,Apple e Google começam testes de notificação em tecnologia criada para rastrear o coronavírus com bluetooth. uma imagem em preto e branco de um sinal de parada. uma foto em preto e branco de um sinal de parada uma foto em preto e branco de um sinal de parada e uma placa.,VERDADEIRO
1901,Exército abre concurso nacional com 440 vagas para quem tem nível médio. Um grupo de pessoas andando na parte de trás dos cavalos. um grande grupo de pessoas em uma rua. Um grupo de pessoas andando nas costas dos elefantes.,VERDADEIRO
1926,"Unicamp prevê queda de R$ 220 milhões na receita e propõe corte de R$ 72 milhões no gasto do ano. um grande grupo de pessoas andando ao redor de um parque. um grande grupo de pessoas andando ao redor de um parque, um grande grupo de pessoas andando por um jardim.",VERDADEIRO
1933,"Remessas de brasileiros nos EUA caem até 90%, mas podem aliviar auge da crise no Brasil. um close de um bolo em uma mesa um close de um bolo em um prato de perto de um bolo em forma de trem.",VERDADEIRO
1935,País tem ao menos 91 concursos públicos abertos com mais de 15 mil vagas. uma mulher sentada à mesa com um prato de comida. uma mulher sentada à mesa em frente a um laptop. Uma mulher sentada à mesa em frente a um laptop.,VERDADEIRO
1957,Auxílio emergencial: Caixa amplia horário de todas as agências a partir de segunda-feira. um grupo de pessoas de pé em frente a uma loja. um grupo de pessoas paradas em frente a uma geladeira. um grupo de pessoas de pé na frente de uma loja.,VERDADEIRO
1961,Petróleo registra a primeira semana de alta após sequência negativa. uma tesoura pousada em cima de uma mesa. uma tesoura pousada em cima de uma mesa de madeira. uma tesoura sobre uma mesa.,VERDADEIRO
1963,"Não há possibilidade de pagar 50 milhões de pessoas e não existir fila, diz presidente da Caixa. um grupo de pessoas sentadas ao redor de uma mesa. um grupo de pessoas sentadas ao redor de uma mesa com comida. um grupo de pessoas em volta de uma mesa com um bolo.",VERDADEIRO
1965,"Plano Safra precisa ter juros menores e mais subvenção do governo, diz presidente da Agrishow. Um homem de terno e gravata de pé no campo. Um homem de terno e gravata parado na frente de um prédio. Um homem de terno e gravata parado na calçada.",VERDADEIRO
1966,"Jeff Bezos, presidente da Amazon, é chamado para depor no Congresso dos EUA. Um homem de terno e gravata está sorrindo. Um homem de terno e gravata sorri, um homem de terno e gravata está sorrindo para a câmera.",VERDADEIRO
1978,"Com 100 milhões sem esgoto, saneamento é desafio em pandemia. Um grupo de pessoas andando por uma rua encharcada de chuva. Um grupo de pessoas andando por uma estrada encharcada de chuva. Um grupo de pessoas andando por uma calçada encharcada de chuva.",VERDADEIRO
2005,Vestibular da Unicamp: coronavírus e queixas de estudantes fazem Comvest reduzir lista de livros. um homem sentado na frente de um laptop. um homem sentado a uma mesa com um laptop. Um homem de terno e gravata sentado a uma mesa.,VERDADEIRO
2015,Membros do Fed veem recuperação lenta e desigual nos EUA após coronavírus. um grande prédio com uma torre de relógio no topo. Um prédio alto com um relógio em cima. um grande prédio com uma torre de relógio no meio.,VERDADEIRO
2022,Petróleo fecha em forte alta e tem quinta sessão consecutiva de ganhos. um guindaste está na parte de trás de um caminhão. um guindaste está na traseira de um caminhão branco. um canteiro de obras com um caminhão e um guindaste.,VERDADEIRO
2023,Twitter testa alerta para usuários repensarem respostas ofensivas antes da publicação. uma foto em preto e branco de um homem voando uma pipa. uma foto em preto e branco de pessoas soltando pipas. uma foto em preto e branco de pessoas soltando pipas.,VERDADEIRO
2033,Bilionário Elon Musk mostra primeira foto de filho com cantora e posta suposto nome bizarro. um homem sentado em um sofá segurando um controle de jogos Nintendo wii. Um homem sentado em um sofá segurando um remoto wii. um homem sentado em um sofá segurando um controle Nintendo wii.,VERDADEIRO
2036,Chevrolet anuncia aumento de 4% nos preços de toda a sua linha no Brasil; Onix Joy parte de R$ 52.150. Um carro estacionado no lado da estrada. Um carro estacionado em um estacionamento ao lado de um carro. um carro estacionado no lado da estrada com um surf board.,VERDADEIRO
2040,Xiaomi atualiza navegadores após especialistas denunciarem que apps coletavam informações de usuários. um perto de um telefone celular em uma mesa um perto de um telefone celular em um carro um perto de um celular em uma prateleira.,VERDADEIRO
2043,Empresa do setor de energia renovável abre 142 vagas de emprego no Ceará. Um caminhão estacionado em frente a um prédio. Um caminhão estacionado em um estacionamento ao lado de um prédio. Um caminhão estacionado em frente a um prédio.,VERDADEIRO
2050,Polícia prende 10 pessoas em operação contra o tráfico de drogas em Belo Horizonte - Notícias - R7 JR na TV. uma mesa coberta com montes de bugigangas e eletrônicos. uma mesa coberta com um laptop e um mouse. uma mesa coberta com um laptop e uma bolsa.,VERDADEIRO
2074,"Na pandemia, 22% das faculdades particulares pausaram atividades e não adotaram o ensino remoto, diz pesquisa. uma pessoa usando um laptop sobre uma mesa. uma pessoa usando um laptop sobre uma mesa. uma pessoa está usando um laptop sobre uma mesa.",VERDADEIRO
2079,"Grimes explica pronúncia do nome de bebê com Elon Musk, mas registro pode ser barrado. um homem sentado em um sofá segurando um controle de jogos Nintendo wii. Um homem sentado em um sofá segurando um remoto wii. um homem sentado em um sofá segurando um controle Nintendo wii.",VERDADEIRO
2087,"Vendas de veículos usados caem 83% em abril, diz Fenauto. Um carro está estacionado no lado da estrada. Um carro está estacionado no lado da rua. Um carro está estacionado no lado da estrada.",VERDADEIRO
2091,Pedidos de seguro desemprego nos EUA chegam a 33 milhões em 7 semanas. um grupo de pessoas de pé em uma sala. um grupo de pessoas de pé em uma sala um grupo de pessoas de pé em uma sala com remotes.,VERDADEIRO
2093,"Dólar opera em alta após corte na Selic e chega a R$ 5,87. Um homem parado na frente de um ônibus. Um homem parado na frente de um trem. Um homem está parado na frente de um ônibus.",VERDADEIRO
2103,"Com menor consumo de cerveja durante pandemia, lucro da Ambev cai 56% no 1 trimestre. um grupo de pessoas ao redor de um trem. um grupo de pessoas paradas na frente de um trem. um grupo de pessoas ao lado de um trem.",VERDADEIRO
2107,Senado aprova projeto que prevê ajuda financeira a estados e municípios. Um homem parado na frente de uma TV de tela plana. Um homem parado na frente de uma TV em uma sala. Um homem parado na frente de uma TV em uma sala de estar.,VERDADEIRO
2114,Microsoft oferece recompensa de US$ 100 mil para quem encontrar falhas em sua tecnologia de internet das coisas. uma coleção de dispositivos eletrônicos sobre uma mesa. uma coleção de aparelhos eletrônicos em uma prateleira. uma coleção de dispositivos eletrônicos sobre uma mesa.,VERDADEIRO
2132,Ministério da Saúde faz levantamento sobre saúde mental do brasileiro. um homem está sentado em um banheiro. um homem está sentado em um vaso sanitário no banheiro. um homem está sentado em um banheiro.,VERDADEIRO
2159,Alunos chineses voltam às aulas com pulseira eletrônica para detectar infecção pelo novo coronavírus. um homem de pé em uma quadra de tênis segurando um raquete. um homem de pé numa quadra de tênis segurando uma raquete de tênis. um homem de pé em cima de uma quadra de tênis segurando um raquete.,VERDADEIRO
2160,"Universidades federais conduzem mais de 800 pesquisas para mapear coronavírus e encontrar uma vacina, diz associação. Um homem parado ao lado de uma mulher na cozinha. Um homem parado ao lado de uma mulher em uma sala. Um homem parado ao lado de uma mulher na frente de uma loja.",VERDADEIRO
2166,Bolsonaro nomeia novo reitor da Universidade Federal de São João del Rei. Um homem de terno e gravata parado em um quarto. Um homem de terno e gravata segurando uma cerveja. Um homem de terno e gravata parado na frente de uma parede.,VERDADEIRO
2171,Tesla retoma produção na Califórnia em meio a batalha legal com autoridades locais. Uma fila de motocicletas estacionadas perto uma da outra. Um grupo de motocicletas da polícia estacionado perto um do outro. Uma fila de motocicletas estacionadas no alto de um estacionamento.,VERDADEIRO
2180,Auxílio Emergencial: Caixa aguarda governo federal divulgar novo calendário para detalhar pagamento da 2 parcela. Uma mulher usando chapéu e gravata. Uma mulher de gravata e chapéu. Uma mulher usando chapéu e gravata.,VERDADEIRO
2184,Uber lança nova categoria no Brasil e agora permite enviar objetos pelo aplicativo. Uma pessoa segurando um celular em suas mãos. Uma pessoa segurando um telefone na mão. Uma pessoa segurando um celular em suas mãos.,VERDADEIRO
2197,"Exportações de carne bovina do Brasil caem 1% em abril, diz Abrafrigo. um homem sentado na cozinha preparando comida. Um homem sentado em cima de uma mesa de madeira. um homem sentado na cozinha preparando comida.",VERDADEIRO
2204,BRF acerta compra de processadora de alimentos na Arábia Saudita por US$ 8 milhões. uma estação de trem com um trem nos trilhos. Um sinal de parada no lado de um prédio. Um sinal de pare no lado da estrada.,VERDADEIRO
2219,Coronavírus: Unicamp aprova plano de redução de R$ 72 milhões em despesas até o fim de 2020. Um prédio com uma placa de rua em cima. Um prédio com uma placa de rua em cima de um prédio com uma placa de rua no lado.,VERDADEIRO
2222,Estudantes da região de Campinas criticam o Enem em meio à pandemia de coronavírus: Injustiça social. uma mulher sentada num sofá usando um laptop. uma mulher sentada em um sofá com um laptop. Uma mulher sentada num sofá usando laptop.,VERDADEIRO
2223,"Enem 2020: veja como se inscrever, passo a passo. uma colagem de fotos de um homem segurando um frisbee. uma colagem de fotos de um homem segurando um frisbee, uma colagem de fotos de um homem segurando um frisbee branco.",VERDADEIRO
2225,Exames equivalentes ao Enem foram adiados ou adaptados em 16 dos 18 países analisados em levantamento. Um grupo de pessoas de pé em cima de uma encosta coberta de neve. Um grupo de pessoas de pé em cima de um campo coberto de neve. um grupo de pessoas de pé perto um do outro em uma encosta coberta de neve.,VERDADEIRO
2226,Universidade Cândido Mendes pede recuperação judicial durante pandemia do coronavírus. Um sinal que está do lado de um prédio. Um sinal que está ao lado de uma parede. Um sinal que está em um poste na frente de um prédio.,VERDADEIRO
2231,Enem 2020: Inep registra 1 milhão de inscritos em 8 horas. um close de uma pessoa segurando um telefone celular um perto de um teclado e um mouse um perto de uma pessoa segurando um controle Nintendo wii.,VERDADEIRO
2232,SC registra filas de pessoas em busca de seguro-desemprego e auxílio emergencial. um grupo de pessoas ao lado de um prédio. um grupo de ursinhos de pelúcia sentados em cima de um banco. um grupo de pessoas ao lado de um prédio.,VERDADEIRO
2234,"Setor de academias está em estado crítico, diz presidente da Smart Fit. Um homem de terno e gravata segurando um microfone. um homem de terno e gravata segurando um microfone, um homem de terno e gravata está segurando um microfone.",VERDADEIRO
2238,Twitter afirma que funcionários poderão trabalhar de casa para sempre. um banco de madeira na frente de um prédio. um banco de madeira ao lado de uma parede de tijolos. um banco de madeira ao lado de uma cerca de madeira.,VERDADEIRO
2244,Instagram agora permite remoção de vários comentários de uma única vez. uma colagem de fotos mostrando uma tela de computador. uma colagem de fotos mostrando uma tela de computador uma colagem de fotos com um laptop e um monitor.,VERDADEIRO
2247,Financiamentos de veículos novos e usados caem 56% em abril. um grupo de pessoas em volta de um carro. um grupo de pessoas de pé na frente de um carro. um grupo de pessoas de pé na frente de um caminhão.,VERDADEIRO
2250,Embraer culpa queda em entregas de jatos a acordo fracassado com Boeing. Um grande Delineador sentado em cima de um aeroporto. Um grande jato sentado em cima de uma passarela de aeroporto. Um grande jato sentado em cima de uma passarela.,VERDADEIRO
2257,IBGE anuncia ressarcimento de taxa de inscrição de concurso para 208 mil vagas via aplicativo. um homem de pé em frente a uma cerca segurando um taco de beisebol. um homem parado em frente a uma cerca segurando um morcego. um homem parado em frente a uma cerca segurando uma câmera.,VERDADEIRO
2258,"Governo libera o registro de 22 agrotóxicos genéricos para uso dos agricultores. Um hidrante cuspindo água numa rua, um hidrante espirrando água na rua. Um hidrante espirrando água na rua.",VERDADEIRO
2273,"Jogador turco confessa que matou o próprio filho, de 5 anos, no hospital. Um jovem vestindo gravata e óculos. Um jovem vestindo gravata e uma camisa. Um jovem vestindo gravata e óculos.",VERDADEIRO
2277,PF é acionada para investigar clonagem de cartões de programa da Capes - JBr.. Um sinal de parada vermelha sentado no lado de uma estrada. um sinal de parada com grafite escrito nele. um sinal de parada com grafite escrito nele.,VERDADEIRO
2303,Praga digital ataca brasileiros com mensagens sobre o coronavírus e comandos escondidos em canais do YouTube. uma colagem de fotos de uma pessoa segurando um wii controle remoto uma colagem de fotos de um homem segurando um wii remotamente colagem de fotos de um homem segurando um wii remoto.,VERDADEIRO
2306,Facebook fecha acordo e vai pagar US$ 52 milhões a moderadores que desenvolveram estresse pós-traumático. Uma sala cheia de computadores e monitores. Uma sala cheia de vários monitores de computador. Uma sala cheia de computadores e monitores em uma mesa.,VERDADEIRO
312,"Papa envia terço a Lula, preso político há 67 dias.. um bolo em forma de um trem em uma mesa. um bolo em forma de um trem está sobre uma mesa. um bolo em forma de um trem em uma mesa.",VERDADEIRO
