id,rotulo,texto,texto_pt
626,FALSO,a man is holding a cell phone to his ear . a man is holding a cell phone up to his ear . a man is holding a cell phone in his hand .,Um homem está segurando um celular perto do ouvido. Um homem está segurando um celular até o ouvido. Um homem está segurando um celular na mão
972,FALSO,a man in a suit and tie holding a microphone . a man in a suit and tie standing in front of a microphone . a man in a suit and tie is smiling,Um homem de terno e gravata segurando um microfone. Um homem de terno e gravata de pé na frente de um microfone. Um homem de terno e gravata está sorrindo
42,FALSO,a group of young children standing next to each other . a group of young men standing next to each other . a group of young children posing for a picture .,um grupo de crianças pequenas em pé ao lado uma da outra. um grupo de jovens parados lado a lado. um grupo de crianças pequenas posando para uma foto
1043,FALSO,a man and a woman laying on a bed . a man and a woman sitting on a bed . a man and a woman laying on a bed,Um homem e uma mulher deitados em uma cama. Um homem e uma mulher sentados em uma cama. Um homem e uma mulher deitados em uma cama
831,FALSO,a man in a suit and tie holding a microphone . a man in a suit and tie holding a microphone a man in a suit and tie is holding a microphone .,"Um homem de terno e gravata segurando um microfone. um homem de terno e gravata segurando um microfone, um homem de terno e gravata está segurando um microfone"
261,FALSO,a man in a suit and tie is smiling . a man in a suit and tie is smiling a man in a suit and tie holding a cell phone .,"Um homem de terno e gravata está sorrindo. Um homem de terno e gravata sorri, um homem de terno e gravata segurando um celular"
928,FALSO,a man in a white shirt is holding a cellphone a man in a white shirt and a black tie a man in a white shirt and a black tie .,"um homem de camisa branca está segurando um celular, um homem de camisa branca e uma gravata preta, um homem de camisa branca e gravata preta"
38,FALSO,a group of people standing on top of a beach . a group of people standing on top of a sandy beach . a group of people standing next to each other .,um grupo de pessoas de pé no topo de uma praia. um grupo de pessoas de pé no topo de uma praia arenosa. um grupo de pessoas de pé lado a lado
182,FALSO,a man is talking on his cell phone . a man is talking on a cell phone outside a man is talking on a cell phone outside .,Um homem está falando em seu telefone celular. um homem está falando em um telefone celular fora de um homem está falando em um telefone celular lá fora
1143,FALSO,a man holding a tennis racket in his hands . a man holding a tennis racquet in his right hand . a man holding a tennis racket in his hand .,Um homem segurando uma raquete de tênis nas mãos. Um homem segurando uma raquete de tênis na mão direita. Um homem segurando uma raquete de tênis na mão
1013,FALSO,a man in a suit and tie standing next to another man . a man in a suit and tie standing next to a woman . a man in a suit and tie holding a microphone .,Um homem de terno e gravata parado ao lado de outro homem. Um homem de terno e gravata de pé ao lado de uma mulher. Um homem de terno e gravata segurando um microfone
310,FALSO,a man in a suit and tie holding a microphone . a man in a suit and tie holding a microphone a man in a suit and tie standing in front of a microphone .,"Um homem de terno e gravata segurando um microfone. um homem de terno e gravata segurando um microfone, um homem de terno e gravata de pé na frente de um microfone"
1046,FALSO,a close up of a small plane on a runway a close up of a small plane on a run way a close up of a small plane on a city street,a close up of a small plane on a runway a close up of a small plane on a run way a close up of a small plane on a city street
722,FALSO,a man standing on the side of a road next to a fire hydrant . a man standing on the side of a road with a fire hydrant . a man standing on the side of the road with a fire hydrant .,um homem parado ao lado de uma estrada perto de um hidrante. um homem parado no acostamento com um hidrante. um homem parado na beira da estrada com um hidrante
106,FALSO,a man riding a wave on top of a surfboard . a man riding a surfboard on top of a wave . a man riding a surfboard on top of a river .,Um homem montando uma onda em cima de uma prancha de surfe. um homem montando uma prancha de surfe no topo de uma onda. um homem montando uma prancha de surfe no topo de um rio
556,FALSO,a group of people standing next to each other . a group of people standing next to each other in a room . a group of people standing next to each other in front of a tv .,um grupo de pessoas de pé lado a lado. um grupo de pessoas de pé ao lado uma da outra em uma sala. um grupo de pessoas paradas lado a lado na frente de uma tv
974,FALSO,a man sitting at a table with a laptop computer . a man sitting at a table in front of a laptop computer . a man sitting at a table with a box of donuts .,um homem sentado a uma mesa com um laptop. um homem sentado à mesa em frente a um laptop. um homem sentado a uma mesa com uma caixa de rosquinhas
74,FALSO,a man is holding a bunch of bananas . a man is holding a bunch of bananas a man holding a bunch of ripe bananas .,Um homem está segurando um monte de bananas. um homem está segurando um monte de bananas um homem segurando um monte de bananas maduras
157,FALSO,a close up of a statue of an elephant a close up of a statue of a cow a close up of a statue of a elephant,a close up of a statue of an elephant a close up of a statue of a cow a close up of a statue of a elephant
301,FALSO,a close up of a box of doughnuts a close up of a box of doughnuts with sprinkles a close up of a cake with a train on it,um close de uma caixa de rosquinhas perto de uma caixa de rosquinhas com bolo em cima com um trem
570,FALSO,a man in a suit and tie posing for a picture . a man in a suit and tie posing for a picture a man in a suit and tie posing for a photo .,Um homem de terno e gravata posando para uma foto. um homem de terno e gravata posando para uma foto um homem de terno e gravata posando para uma foto
63,FALSO,a group of people standing next to each other . a group of people standing next to each other on a table . a group of people standing next to each other on a street .,um grupo de pessoas de pé lado a lado. um grupo de pessoas de pé ao lado uma da outra em uma mesa. um grupo de pessoas de pé lado a lado em uma rua
1679,FALSO,a couple of men standing next to each other . a couple of men standing next to each other in a room . a man in a suit and tie standing next to a woman .,Um par de homens de pé perto um do outro. Um par de homens de pé ao lado um do outro em uma sala. Um homem de terno e gravata de pé ao lado de uma mulher
634,FALSO,a group of people sitting around a living room . a group of people sitting around a living room together . a group of people sitting around a living room together,Um grupo de pessoas sentadas em torno de uma sala de estar. um grupo de pessoas sentadas ao redor de uma sala de estar juntas. um grupo de pessoas sentadas ao redor de uma sala de estar juntas
609,FALSO,a group of young children standing next to each other . a group of children are posing for a picture . a group of children pose for a picture together .,um grupo de crianças pequenas em pé ao lado uma da outra. um grupo de crianças estão posando para uma foto. um grupo de crianças posam para uma foto juntos
80,FALSO,a group of people standing around a parking lot . a group of people walking down a street next to cars . a group of people walking down a street next to tall buildings .,Um grupo de pessoas parado em torno de um estacionamento. Um grupo de pessoas andando por uma rua ao lado de carros. Um grupo de pessoas andando por uma rua perto de prédios altos
94,FALSO,a close up of a tv with a clock a close up of a tv with a clock on it a close up of a television screen with a clock,um close-up de uma tv com um relógio a close-up de uma tv com um relógio sobre ele um close de uma tela de televisão com um relógio
875,FALSO,a boat is docked in the water near a dock . a boat is docked in the water near a city . a boat is docked in the water near a pier .,Um barco está atracado na água perto do cais. um barco está atracado na água perto de uma cidade. Um barco está atracado na água perto do píer
993,FALSO,a large building with a clock on the front . a tall building with a clock on it a large building with a clock on the front of it .,Um grande prédio com um relógio na frente. um prédio alto com um relógio em cima um grande edifício com um relógio na frente
103,FALSO,a close up of a stop sign with stickers on it a close up of a stop sign with a sticker on it a close up of a stop sign with stickers,"a close-up de uma placa de parar com adesivos em um close-up de uma placa de parar com um adesivo em cima, um close de um sinal de parar com adesivos"
83,FALSO,a man in a suit and tie holding a cell phone . a man in a suit and tie is smiling a man in a suit and tie looking at his cell phone .,"Um homem de terno e gravata segurando um celular. um homem de terno e gravata está sorrindo, um homem de terno e gravata olhando para seu celular"
1104,FALSO,a red stop sign sitting on the side of a road . a red stop sign sitting on top of a metal pole . a red stop sign sitting on the side of a street .,Um sinal de parada vermelha sentado no lado de uma estrada. Um sinal de parada vermelha sentado em cima de um poste de metal. Uma placa vermelha de parada sentada no lado de uma rua
2072,FALSO,a stop sign with a sign on it . a stop sign with a sign on it a sign that says `` <UNK> '' on a street sign .,Um sinal de parada com um sinal nela. um sinal de parada com um cartaz escrito com um aviso dizendo Faça a busca do UNK '' em um sinal de rua
1210,FALSO,a collage of photos of a computer and a keyboard a collage of photos with a clock and a book a collage of photos of a computer and a keyboard .,"uma colagem de fotos de um computador e um teclado, uma colagem de fotos com um relógio e um livro, uma colagem de fotos de um computador e um teclado"
583,FALSO,a group of people standing next to each other . a group of men standing next to each other . a group of people standing next to each other in a field .,um grupo de pessoas de pé lado a lado. um grupo de homens de pé ao lado um do outro. um grupo de pessoas de pé lado a lado em um campo
49,FALSO,a picture of a sign that says `` <UNK> '' . a picture of a sign that says `` <UNK> '' a picture of a sign that says `` <UNK> <UNK> '' .,a picture of a sign that says & UNK> ''. a picture of a sign that says & UNK> '' a picture of a sign that says `UNK & UNK> ''
1180,FALSO,a horse walking down a street next to a car . a horse walking down the street in front of a car . a horse walking down the street in front of a car,Um cavalo andando pela rua ao lado de um carro. um cavalo andando pela rua na frente de um carro. um cavalo andando pela rua na frente de um carro
131,FALSO,a woman sitting on a bench with her legs crossed . a woman sitting on a bench with a cell phone . a woman sitting on a bench with her feet up .,uma mulher sentada em um banco com as pernas cruzadas. uma mulher sentada em um banco com um telefone celular. uma mulher sentada em um banco com os pés para cima
952,FALSO,a woman sitting on top of a bed . a woman sitting on top of a bed with a blue blanket . a woman sitting on top of a bed with a white blanket .,Uma mulher sentada em cima de uma cama. Uma mulher sentada em cima de uma cama com um cobertor azul. Uma mulher sentada em cima de uma cama com um cobertor branco
588,FALSO,a man in a suit and tie standing in a room . a man in a suit and tie standing in front of a microphone . a man in a suit and tie standing in a room,Um homem de terno e gravata parado em um quarto. Um homem de terno e gravata de pé na frente de um microfone. Um homem de terno e gravata parado em um quarto
44,FALSO,two men standing next to each other holding tennis racquets . a man and a woman standing next to each other . two men standing next to each other holding tennis rackets .,dois homens de pé lado a lado segurando raquetes de tênis. Um homem e uma mulher de pé ao lado um do outro. dois homens de pé perto um do outro segurando raquetes de tênis
1187,FALSO,a group of people sitting around a table . a group of people sitting around a table with food . a group of people sitting around a table with plates of food .,um grupo de pessoas sentadas ao redor de uma mesa. um grupo de pessoas sentadas ao redor de uma mesa com comida. um grupo de pessoas sentadas ao redor de uma mesa com pratos de comida
1110,FALSO,a white plate topped with a pastry next to a cup of coffee . a white plate topped with a chocolate covered donut . a white plate topped with a pastry and a cup of coffee .,um prato branco encimado com uma massa ao lado de uma xícara de café. Um prato branco coberto com um donut coberto de chocolate. um prato branco encimado com uma massa e uma xícara de café
1230,FALSO,a group of people standing next to each other . a group of people standing next to each other in front of a building . a group of people standing next to each other in a room .,um grupo de pessoas de pé lado a lado. um grupo de pessoas de pé lado a lado na frente de um prédio. um grupo de pessoas de pé ao lado uma da outra em uma sala
758,FALSO,a man holding a tennis racket in his hand . a man holding a tennis racket in his hands . a man holding a tennis racket in his hand,Um homem segurando uma raquete de tênis na mão. Um homem segurando uma raquete de tênis nas mãos. Um homem segurando uma raquete de tênis na mão
849,FALSO,a man and a woman standing next to each other . a man and a woman are standing next to each other . a man and a woman in a wedding dress,Um homem e uma mulher de pé ao lado um do outro. um homem e uma mulher estão em pé ao lado um do outro. um homem e uma mulher em um vestido de casamento
2149,FALSO,a man standing in a kitchen preparing food . a man standing in a kitchen next to a sink . a man standing in a kitchen next to a counter .,um homem parado na cozinha preparando comida. Um homem parado na cozinha perto da pia. um homem parado na cozinha ao lado de um balcão
1234,FALSO,a man in a suit and tie holding a microphone . a man in a suit and tie standing in front of a microphone . a man in a suit and tie holding a microphone,Um homem de terno e gravata segurando um microfone. Um homem de terno e gravata de pé na frente de um microfone. Um homem de terno e gravata segurando um microfone
86,FALSO,a man is holding a box of doughnuts . a man is holding a box of donuts . a man is holding a box of doughnuts,um homem está segurando uma caixa de rosquinhas. um homem está segurando uma caixa de rosquinhas. um homem está segurando uma caixa de rosquinhas
158,FALSO,a group of people standing around a cow . a group of people standing next to a cow . a man standing next to a cow in a pen .,um grupo de pessoas de pé ao redor de uma vaca. um grupo de pessoas paradas ao lado de uma vaca. Um homem de pé ao lado de uma vaca em uma caneta
708,FALSO,a young girl wearing a hat and sunglasses . a woman wearing a hat and a hat . a young girl wearing a hat and a hat .,uma jovem usando chapéu e óculos escuros. Uma mulher usando chapéu e chapéu. uma jovem garota usando chapéu e chapéu
162,FALSO,a man in a suit and tie holding a microphone . a man in a suit and tie holding a microphone a man in a suit and tie holding a cell phone .,"Um homem de terno e gravata segurando um microfone. Um homem de terno e gravata segurando um microfone, um homem de terno e gravata segurando um celular"
1667,FALSO,a close up of a flower in a vase a close up of a vase with flowers in it a close up of a flower in a vase on a table,a close up of a flower in a vase a close up of a vase with flowers in it a close of a flower in a vase on a table
181,FALSO,a close up of a keyboard and a mouse a close up of a keyboard and a monitor a close up of a baseball player with a bat,um perto de um teclado e um mouse um perto de um teclado e um monitor um close de um jogador de beisebol com um taco
185,FALSO,a group of men standing next to each other . a group of men standing next to each other in a field . a black and white photo of a group of people,um grupo de homens de pé ao lado um do outro. Um grupo de homens de pé ao lado um do outro em um campo. uma foto em preto e branco de um grupo de pessoas
194,FALSO,a group of men standing next to each other . a group of people standing next to each other . a group of men standing next to each other in a room .,um grupo de homens de pé ao lado um do outro. um grupo de pessoas de pé lado a lado. um grupo de homens de pé ao lado um do outro em uma sala
198,FALSO,a couple of signs that are on a pole . a couple of signs that are on a pole a couple of signs that are on top of a pole .,Um par de sinais que estão em um poste. Um par de sinais que estão em um poste um par de sinais que estão em cima de um poste
1921,FALSO,a group of people standing in a room . a group of people standing in a room next to a bed . a group of people standing in a room with luggage .,um grupo de pessoas de pé em uma sala. um grupo de pessoas de pé em um quarto ao lado de uma cama. um grupo de pessoas de pé em um quarto com bagagem
663,FALSO,a row of surfboards sitting on top of a table . a bunch of surfboards that are on a table . a row of surfboards sitting on top of a rack .,Uma fileira de pranchetas sobre uma mesa. Um monte de pranchetas de surfe em uma mesa. Uma fileira de pranchetas sobre um rack
873,FALSO,a group of people standing on top of a tennis court . a group of people walking down a street . a group of people standing on top of a snow covered slope .,um grupo de pessoas de pé no topo de uma quadra de tênis. Um grupo de pessoas andando pela rua. Um grupo de pessoas de pé em cima de uma encosta coberta de neve
1128,VERDADEIRO,a city street filled with lots of traffic . a city street filled with lots of traffic next to tall buildings . a city street filled with lots of traffic and traffic .,uma rua da cidade cheia de muito trânsito. uma rua da cidade cheia de muito tráfego perto de prédios altos. uma rua da cidade cheia de tráfego e tráfego
1218,VERDADEIRO,a pair of scissors sitting on top of a table . a close up of a pair of scissors a close up of a pair of scissors on a table,uma tesoura pousada em cima de uma mesa. uma tesoura bem em cima de uma mesa
1245,VERDADEIRO,a collage of photos of a person holding a cell phone a collage of photos of a man holding a cell phone a collage of photos of a man holding a cell phone .,uma colagem de fotos de uma pessoa segurando um celular uma colagem de fotos de um homem segurando um celular uma colagem de fotos de um homem segurando um celular
1247,VERDADEIRO,a pair of scissors sitting on top of a table . a close up of a pair of scissors on a table a pair of scissors sitting on a table,"uma tesoura pousada em cima de uma mesa. uma tesoura em cima de uma mesa, uma tesoura em cima de uma mesa"
1251,VERDADEIRO,a close up of a nintendo wii remote a close up of a nintendo wii remote control a close up of a nintendo wii controller,a close up of a nintendo wii remota um close-up de um nintendo wii controle remoto um close-up de um nintendo wii
1253,VERDADEIRO,a person holding a cell phone in their hand . a person holding a cell phone in their hand a person holding a cell phone in their hands .,Uma pessoa segurando um celular em suas mãos. Uma pessoa segurando um celular em suas mãos uma pessoa segurando um celular em suas mãos
1254,VERDADEIRO,a close up of a pair of scissors a close up of a person holding a pair of scissors a close up of a person holding a tennis racket,um par de tesouras bem perto de uma pessoa segurando uma tesoura perto de uma pessoa segurando uma raquete de tênis.
1257,VERDADEIRO,a close up of a stop sign with a sky background a close up of a street sign with a sky background a close up of a stop sign with a sticker on it,a close-up de um sinal de pare com um fundo do céu um ponteiro de uma placa de rua com um fundo de céu próximo de um sinal de parada com um adesivo sobre ele
1263,VERDADEIRO,a close up of a street sign with a sky background a close up of a street sign on a pole a close up of a street sign with trees in the background,a close up de uma placa de rua com um céu fundo perto de uma placa de rua em um poste de uma placa de rua com árvores ao fundo
1264,VERDADEIRO,a close up of a person holding a wii remote a close up of a person holding a nintendo wii remote a close up of a person holding a white frisbee,um close-up de uma pessoa segurando um wii controle remoto um perto de uma pessoa segurando um wii Nintendo remota um perto de uma pessoa segurando um frisbee branco
1265,VERDADEIRO,a close up of a person holding a cell phone a close up of a nintendo wii remote a close up of a nintendo wii game controller,a close-up de uma pessoa segurando um celular um perto de um nintendo wii remota um close-up de um nintendo wii controle de jogo
1267,VERDADEIRO,a woman in a blue shirt is holding a white frisbee a woman in a blue shirt is holding a blue and white tie a woman in a blue shirt is holding a white and blue tie,"uma mulher de camisa azul está segurando um frisbee branco, uma mulher de camisa azul, segurando uma gravata azul e branca que uma mulher de camisa azul está segurando uma gravata branca e azul"
1272,VERDADEIRO,a laptop computer sitting on top of a desk . a laptop computer sitting on top of a wooden desk . a laptop computer sitting on top of a table .,um laptop sentado em cima de uma mesa. um laptop sentado em cima de uma mesa de madeira. um laptop sentado em cima de uma mesa
1274,VERDADEIRO,a red stop sign sitting on the side of a road . a stop sign with a sticker on it a red stop sign sitting on top of a metal pole .,Um sinal de parada vermelha sentado no lado de uma estrada. Um sinal de parada com um adesivo em cima um sinal vermelho de parada em cima de um poste de metal
1276,VERDADEIRO,a red stop sign sitting on the side of a road . a red stop sign sitting on top of a metal pole . a red stop sign sitting on top of a snow covered street .,Um sinal de parada vermelha sentado no lado de uma estrada. Um sinal de parada vermelha sentado em cima de um poste de metal. Uma placa vermelha de parada sentada no topo de uma rua coberta de neve
1278,VERDADEIRO,a close up of a person holding a cell phone a close up of a person holding a pair of scissors a close up of a stop sign with a sky background,um close de uma pessoa segurando um telefone celular um close-up de uma pessoa segurando um par de tesouras perto de um sinal de parada com fundo de céu
1279,VERDADEIRO,a collage of photos of a man holding a frisbee . a collage of photos of a man holding a frisbee a group of people standing around a table with a laptop .,uma colagem de fotos de um homem segurando um frisbee. uma colagem de fotos de um homem segurando um frisbee um grupo de pessoas ao redor de uma mesa com um laptop
1284,VERDADEIRO,a group of people sitting around a table . a group of people sitting around a table eating food . a group of people sitting around a table with food .,um grupo de pessoas sentadas ao redor de uma mesa. um grupo de pessoas sentadas ao redor de uma mesa comendo comida. um grupo de pessoas sentadas ao redor de uma mesa com comida
1285,VERDADEIRO,a woman is holding a cell phone in her hand . a woman in a white shirt is holding a cellphone a woman is holding a cell phone in her hand,uma mulher está segurando um celular em sua mão. uma mulher de camisa branca está segurando um celular uma mulher está segurando um celular na mão
1287,VERDADEIRO,a close up of a person holding a nintendo wii remote a close up of a tooth brush on a table a close up of a person holding a remote,um perto de uma pessoa segurando um Nintendo wii remota um perto de um pincel dentário em uma mesa perto de uma pessoa segurando um controle remoto
1290,VERDADEIRO,a group of people standing in a kitchen . a group of people standing in a kitchen preparing food . a group of people standing around a kitchen .,um grupo de pessoas de pé em uma cozinha. um grupo de pessoas na cozinha preparando comida. um grupo de pessoas em volta de uma cozinha
1294,VERDADEIRO,a man in a suit and tie holding a glass of wine . a man in a suit and tie holding a drink . a man in a suit and tie holding a drink,Um homem de terno e gravata segurando um copo de vinho. Um homem de terno e gravata segurando um drink. Um homem de terno e gravata segurando um drink
1298,VERDADEIRO,a man in a white shirt is holding a snowboard a man in a white shirt and tie standing in a room . a man in a white shirt is holding a snowboard .,um homem de camisa branca está segurando um snowboard um homem de camisa branca e gravata em pé em um quarto. Um homem de camisa branca está segurando uma prancha de neve
1300,VERDADEIRO,a man in a suit and tie is smiling . a man in a suit and tie looking at the camera . a man in a suit and tie looking at the camera,Um homem de terno e gravata está sorrindo. Um homem de terno e gravata olhando para a câmera. Um homem de terno e gravata olhando para a câmera
1301,VERDADEIRO,a man sitting at a table with a laptop . a man sitting at a table with a laptop computer . a person sitting at a table with a laptop,um homem sentado a uma mesa com um laptop. um homem sentado a uma mesa com um laptop. Uma pessoa sentada à mesa com um laptop
1308,VERDADEIRO,a young boy is playing with a ball on the sidewalk . a young boy is playing with a ball on a sidewalk . a young boy is playing with a ball in a park .,Um garoto está brincando com uma bola na calçada. um jovem garoto está brincando com uma bola na calçada. um jovem garoto está brincando com uma bola em um parque
1310,VERDADEIRO,a large clock on the side of a building . a large building with a clock on it a large clock on the side of a tall building .,um grande relógio no lado de um prédio. um grande prédio com um relógio em cima um grande relógio na lateral de um prédio alto
1311,VERDADEIRO,a woman in a white shirt and a red tie a woman in a white shirt and black tie a woman in a white shirt and a black tie,uma mulher de camisa branca e gravata vermelha uma mulher de camisa branca e gravata preta uma mulher de camisa branca e gravata preta
1312,VERDADEIRO,a group of people standing outside of a building . a group of people standing in front of a building . a group of people standing in front of a tall building .,um grupo de pessoas do lado de fora de um prédio. um grupo de pessoas de pé na frente de um prédio. um grupo de pessoas de pé na frente de um prédio alto
1316,VERDADEIRO,a person cutting a cake with a knife . a man cutting a cake with a knife . a person cutting a cake with a knife,uma pessoa cortando um bolo com uma faca. um homem cortando um bolo com uma faca. uma pessoa cortando um bolo com uma faca
1317,VERDADEIRO,a little girl sitting in front of a laptop computer . a little girl sitting at a table with a laptop . a little girl sitting at a desk with a laptop .,uma garotinha sentada na frente de um laptop. uma garotinha sentada à mesa com um laptop. uma garotinha sentada em uma mesa com um laptop
1318,VERDADEIRO,a group of people standing around a kitchen . a group of people standing around a table . a group of people standing around a table with food .,um grupo de pessoas em volta de uma cozinha. um grupo de pessoas ao redor de uma mesa. um grupo de pessoas ao redor de uma mesa com comida
1319,VERDADEIRO,a large building with a large clock tower . a large building with a clock tower on top of it . a large building with a clock tower on top .,um grande prédio com uma grande torre de relógio. Um grande prédio com uma torre de relógio em cima. um grande prédio com uma torre de relógio no topo
1323,VERDADEIRO,a person holding a cell phone in their hand . a woman holding a cell phone in her hand . a person holding a cell phone in their hands .,Uma pessoa segurando um celular em suas mãos. Uma mulher segurando um celular na mão. Uma pessoa segurando um celular em suas mãos
1325,VERDADEIRO,a man in a suit and tie is smiling . a man in a suit and tie is smiling a man in a suit and tie standing in a room .,"Um homem de terno e gravata está sorrindo. Um homem de terno e gravata sorri, um homem de terno e gravata de pé em um quarto"
1326,VERDADEIRO,a collage of photos of a man holding a frisbee . a collage of photos of a person holding a frisbee a collage of photos of a man holding a frisbee,"uma colagem de fotos de um homem segurando um frisbee. uma colagem de fotos de uma pessoa segurando um frisbee, uma colagem de fotos de um homem segurando um frisbee"
1328,VERDADEIRO,a building with a clock on the side of it a building with a clock on the side of it . a building with a large clock on the side of it .,um prédio com um relógio na lateral de um prédio com um relógio na lateral. Um prédio com um grande relógio na lateral
1334,VERDADEIRO,a large jetliner sitting on top of an airport runway . a large jetliner sitting on top of an airport tarmac . a large passenger jet sitting on top of an airport runway .,Um grande jato sentado em cima de uma passarela de aeroporto. Um grande Delineador sentado em cima de um aeroporto. Um grande jato passageiro sentado no topo de uma passarela de aeroporto
1338,VERDADEIRO,a laptop computer sitting on top of a table . a laptop computer sitting on top of a box . a laptop computer sitting on top of a wooden table .,um laptop sentado em cima de uma mesa. Um laptop colocado em cima de uma caixa. um laptop sentado em cima de uma mesa de madeira
1340,VERDADEIRO,a man in a suit and tie is smiling . a man in a suit and tie standing in a room . a man in a suit and tie is smiling,Um homem de terno e gravata está sorrindo. Um homem de terno e gravata parado em um quarto. Um homem de terno e gravata está sorrindo
1343,VERDADEIRO,a person holding a cell phone in their hand . a person holding a cell phone in their hands . a person holding a cell phone in their hand,Uma pessoa segurando um celular em suas mãos. Uma pessoa segurando um celular em suas mãos. Uma pessoa segurando um celular em suas mãos
1350,VERDADEIRO,a man in a suit and tie is smiling . a man in a suit and tie standing in a room . a man in a suit and tie is smiling,Um homem de terno e gravata está sorrindo. Um homem de terno e gravata parado em um quarto. Um homem de terno e gravata está sorrindo
1360,VERDADEIRO,a group of people standing on top of a lush green field . a group of people standing on a lush green field . a group of people standing on top of a grass covered field .,Um grupo de pessoas no topo de um campo verde exuberante. Um grupo de pessoas de pé em um campo verde exuberante. Um grupo de pessoas de pé em cima de um campo coberto de grama
1379,VERDADEIRO,a man and a woman sitting at a table with plates of food . a man and a woman sitting at a table with a plate of food . a man and a woman are sitting at a table with a cake .,um homem e uma mulher sentados a uma mesa com pratos de comida. um homem e uma mulher sentados a uma mesa com um prato de comida. um homem e uma mulher estão sentados em uma mesa com um bolo
1380,VERDADEIRO,a woman sitting on a bench in the street . a woman sitting on a bench in front of a building . a woman sitting on a bench in the street,Uma mulher sentada em um banco na rua. Uma mulher sentada em um banco na frente de um prédio. Uma mulher sentada em um banco na rua
1382,VERDADEIRO,a woman is sitting on the ground with a stuffed animal . a woman is sitting on the floor with a stuffed animal . a woman is sitting on the ground with a stuffed animal,uma mulher está sentada no chão com um animal de pelúcia. uma mulher está sentada no chão com um animal de pelúcia. uma mulher está sentada no chão com um animal de pelúcia
1394,VERDADEIRO,a book and a book on a table . a book is sitting on top of a book . a book is sitting on top of a book,um livro e um livro sobre uma mesa. um livro está sobre um livro. um livro está sobre um livro
1395,VERDADEIRO,a man in a suit and tie is smiling . a man in a suit and tie standing in a room . a man in a suit and tie is smiling,Um homem de terno e gravata está sorrindo. Um homem de terno e gravata parado em um quarto. Um homem de terno e gravata está sorrindo
1398,VERDADEIRO,a man sitting in front of a laptop computer . a man sitting at a table with a laptop . a man sitting at a table with a laptop computer .,um homem sentado na frente de um laptop. um homem sentado a uma mesa com um laptop. um homem sentado a uma mesa com um laptop
1400,VERDADEIRO,a person holding a cell phone in their hand . a book is sitting on top of a book . a book is sitting on top of a book,Uma pessoa segurando um celular em suas mãos. um livro está sobre um livro. um livro está sobre um livro
1404,VERDADEIRO,a woman holding a wii remote in her hands . a woman holding a wii remote in her hand . a woman holding a wii remote in her hands,Uma mulher segurando um remoto wii em suas mãos. Uma mulher segurando um remoto wii em sua mão. Uma mulher segurando um remoto wii em suas mãos
1405,VERDADEIRO,a man in a suit and tie standing in front of a microphone . a man in a suit and tie looking at the camera . a man in a suit and tie looking at the camera,Um homem de terno e gravata de pé na frente de um microfone. Um homem de terno e gravata olhando para a câmera. Um homem de terno e gravata olhando para a câmera
1407,VERDADEIRO,a group of people standing next to each other . a group of people standing next to each other on a snow covered slope . a group of people standing next to each other in front of a building .,um grupo de pessoas de pé lado a lado. um grupo de pessoas de pé perto um do outro em uma encosta coberta de neve. um grupo de pessoas de pé lado a lado na frente de um prédio
1410,VERDADEIRO,a kitchen with a table and chairs in it a kitchen with a lot of chairs and a table a kitchen with a table and chairs and a table,uma cozinha com uma mesa e cadeiras em uma cozinha com muitas cadeiras e uma mesa uma cozinha com uma mesa e cadeiras e uma mesa
1412,VERDADEIRO,a group of people sitting around a table . a group of people sitting around a table with laptops . a group of people sitting at a table with laptops .,um grupo de pessoas sentadas ao redor de uma mesa. um grupo de pessoas sentadas ao redor de uma mesa com laptops. um grupo de pessoas sentadas em uma mesa com laptops
1414,VERDADEIRO,a man standing in front of a building with a sign . a man standing next to a tree with a bunch of bananas on it . a man standing next to a tree with a bunch of bananas .,Um homem parado na frente de um prédio com um sinal. De pé ao lado de uma árvore com um monte de bananas. De pé ao lado de uma árvore com um monte de bananas
1415,VERDADEIRO,a man riding a skateboard down a street . a man riding a skateboard down the side of a street . a man riding a skateboard down the side of a road .,um homem andando de skate em uma rua. um homem andando de skate em uma rua. um homem montando um skate em uma estrada
1417,VERDADEIRO,a large group of people standing around a large building . a large group of people standing around a large building a large group of people are gathered around a large tree .,"um grande grupo de pessoas de pé em torno de um grande prédio. um grande grupo de pessoas, de pé em torno de um grande prédio, um grande grupo de pessoas está reunido em torno de uma grande árvore"
1418,VERDADEIRO,a group of people standing around a table . a group of people standing around a table with a cake . a group of men standing around a table with a cake .,um grupo de pessoas ao redor de uma mesa. um grupo de pessoas em volta de uma mesa com um bolo. um grupo de homens em volta de uma mesa com um bolo
1419,VERDADEIRO,a person holding a cell phone in their hand . a person holding a cell phone in their hand a person holding a cell phone in front of a laptop .,"Uma pessoa segurando um celular em suas mãos. uma pessoa segurando um celular na mão, uma pessoa segurando um celular na frente de um laptop"
1421,VERDADEIRO,a sign that is on the side of a building . a sign that is on top of a pole . a sign that is on a pole in front of a building .,Um sinal que está do lado de um prédio. Um sinal que está em cima de um poste. Um sinal que está em um poste na frente de um prédio
1422,VERDADEIRO,a man in a suit and tie standing in a field . a man in a suit and tie standing in a forest . a man in a suit and tie is smiling,Um homem de terno e gravata de pé no campo. Um homem de terno e gravata parado em uma floresta. Um homem de terno e gravata está sorrindo
1423,VERDADEIRO,a group of people standing next to each other . a group of people standing in a room . a group of people standing next to each other in a room .,um grupo de pessoas de pé lado a lado. um grupo de pessoas de pé em uma sala. um grupo de pessoas de pé ao lado uma da outra em uma sala
1430,VERDADEIRO,a group of people standing around a table . a group of people sitting around a table . a group of people standing around a table with food .,um grupo de pessoas ao redor de uma mesa. um grupo de pessoas sentadas ao redor de uma mesa. um grupo de pessoas ao redor de uma mesa com comida
1433,VERDADEIRO,a traffic light and street sign on a pole . a traffic light with a street sign attached to it . a traffic light with a street sign on it .,Uma placa de semáforo e rua em um poste. Um sinal de trânsito com uma placa de rua ligada a ele. Um sinal de trânsito com uma placa de rua
1439,VERDADEIRO,a bunch of boats that are in the water . a bunch of boats that are sitting in the water . a bunch of boats that are floating in the water .,Um monte de barcos que estão na água. um monte de barcos que estão sentados na água. Um bando de barcos flutuando na água
1442,VERDADEIRO,a group of people walking down a street . a group of people walking down a street next to tall buildings . a group of people walking down a street next to a building .,Um grupo de pessoas andando pela rua. Um grupo de pessoas andando por uma rua perto de prédios altos. Um grupo de pessoas andando por uma rua ao lado de um prédio
1445,VERDADEIRO,a group of people standing on top of a lush green field . a person flying a kite in a park . a person flying a kite in a field .,Um grupo de pessoas no topo de um campo verde exuberante. Uma pessoa voando uma pipa em um parque. Uma pessoa voando uma pipa em um campo
1460,VERDADEIRO,a train station with a train on the tracks . a train station with a train passing by . a train station with a train on the tracks,uma estação de trem com um trem nos trilhos. uma estação de trem com um trem passando. uma estação de trem com um trem nos trilhos
1468,VERDADEIRO,a book is laying on top of a bed . a book is laying on top of a bed a book on a bed with a book,Um livro está deitado em cima de uma cama. um livro está deitado em cima de uma cama um livro sobre uma cama com um livro
1515,VERDADEIRO,a person holding a cell phone in their hand . a person holding a cell phone in their hand a person holding a cell phone in their hands .,Uma pessoa segurando um celular em suas mãos. Uma pessoa segurando um celular em suas mãos uma pessoa segurando um celular em suas mãos
1517,VERDADEIRO,a motorcycle parked on the side of a road . a motorcycle parked on the side of the road . a motorcycle is parked on the side of the road .,uma motocicleta estacionada no acostamento de uma estrada. uma motocicleta estacionada no acostamento da estrada. uma motocicleta está estacionada no acostamento da estrada
1524,VERDADEIRO,a man in a suit and tie holding a cell phone . a man in a suit and tie holding a cell phone a man in a suit and tie holding up a cell phone .,"Um homem de terno e gravata segurando um celular. Um homem de terno e gravata segurando um telefone celular, um homem de terno e gravata segurando um celular"
1525,VERDADEIRO,a city street filled with lots of traffic . a city street filled with lots of tall buildings . a city street filled with lots of traffic and tall buildings .,uma rua da cidade cheia de muito trânsito. uma rua da cidade cheia de prédios altos. uma rua da cidade cheia de tráfego e prédios altos
1526,VERDADEIRO,a man in a suit and tie standing in front of a building . a man in a suit and tie standing in front of a microphone . a man in a suit and tie standing in front of a building,Um homem de terno e gravata parado na frente de um prédio. Um homem de terno e gravata de pé na frente de um microfone. Um homem de terno e gravata parado na frente de um prédio
1538,VERDADEIRO,a large building with a large clock tower . a large building with a clock tower on top of it . a large building with a clock tower in the middle .,um grande prédio com uma grande torre de relógio. Um grande prédio com uma torre de relógio em cima. um grande prédio com uma torre de relógio no meio
1539,VERDADEIRO,a man and a woman standing next to each other . a couple of people that are standing in the street . a couple of people that are standing in the street,Um homem e uma mulher de pé ao lado um do outro. Um par de pessoas que estão de pé na rua. Um par de pessoas que estão de pé na rua
1540,VERDADEIRO,a group of people standing next to each other . a group of people standing next to each other on a snow covered slope . a group of people standing next to each other in front of a building .,um grupo de pessoas de pé lado a lado. um grupo de pessoas de pé perto um do outro em uma encosta coberta de neve. um grupo de pessoas de pé lado a lado na frente de um prédio
1549,VERDADEIRO,a man holding a cell phone in his hand . a man taking a picture of himself in a mirror . a man holding a cell phone in his hand,Um homem segurando um celular na mão. Um homem tirando uma foto de si mesmo em um espelho. Um homem segurando um celular na mão
1551,VERDADEIRO,a man standing in a kitchen preparing food . a man standing in a kitchen preparing food a man standing in a kitchen holding a knife .,um homem parado na cozinha preparando comida. um homem parado na cozinha preparando comida para um homem parado na cozinha segurando uma faca
1554,VERDADEIRO,a red stop sign sitting on the side of a building . a red stop sign sitting next to a tall building . a red stop sign sitting on top of a building .,Um sinal vermelho de parada sentado no lado de um prédio. Um sinal de parada vermelha sentado ao lado de um prédio alto. Um sinal vermelho de parada sentado no topo de um prédio
1557,VERDADEIRO,a man in a suit and tie sitting in a chair . a man in a suit and tie sitting in a chair a man in a suit and tie sitting on a chair .,"Um homem de terno e gravata sentado em uma cadeira. Um homem de terno e gravata sentado numa cadeira, um homem de terno e gravata, sentado numa cadeira"
1562,VERDADEIRO,a laptop computer sitting on top of a wooden desk . a laptop computer sitting on top of a wooden table . a laptop computer sitting on top of a desk .,um laptop sentado em cima de uma mesa de madeira. um laptop sentado em cima de uma mesa de madeira. um laptop sentado em cima de uma mesa
1565,VERDADEIRO,a train station with a train on the tracks . a train station with a train passing by . a train station with a train on the tracks,uma estação de trem com um trem nos trilhos. uma estação de trem com um trem passando. uma estação de trem com um trem nos trilhos
1568,VERDADEIRO,a large building with a lot of windows . a large building with a lot of windows a large building with a sign on the side of it .,"Um prédio grande com muitas janelas. Um prédio grande com um monte de janelas, um prédio grande com uma placa na lateral"
1575,VERDADEIRO,a herd of sheep standing next to each other . a herd of sheep standing next to each other in a cage . a herd of sheep standing next to each other on a field .,Um rebanho de ovelhas de pé perto um do outro. um rebanho de ovelhas de pé perto um do outro em uma gaiola. Um rebanho de ovelhas de pé perto um do outro em um campo
1578,VERDADEIRO,a sign that is on the side of a building . a sign that is on the side of a wall . a sign that is on a pole outside .,Um sinal que está do lado de um prédio. Um sinal que está ao lado de uma parede. Um sinal que está num poste lá fora
1622,VERDADEIRO,a man standing in a kitchen preparing food . a man standing in a kitchen preparing food a man standing in a kitchen holding a knife .,um homem parado na cozinha preparando comida. um homem parado na cozinha preparando comida para um homem parado na cozinha segurando uma faca
1627,VERDADEIRO,a man in a suit and tie standing in front of a microphone . a man in a suit and tie holding a camera . a man in a suit and tie is smiling,Um homem de terno e gravata de pé na frente de um microfone. Um homem de terno e gravata segurando uma câmera. Um homem de terno e gravata está sorrindo
1634,VERDADEIRO,a group of people walking down a street . a group of people standing next to a building . a group of people walking down a street next to a building .,Um grupo de pessoas andando pela rua. um grupo de pessoas ao lado de um prédio. Um grupo de pessoas andando por uma rua ao lado de um prédio
1636,VERDADEIRO,a group of people standing around a table with a cake . a group of people standing around a table with a cake on it . a group of people sitting at a table with a laptop .,um grupo de pessoas em volta de uma mesa com um bolo. um grupo de pessoas em volta de uma mesa com um bolo em cima. Um grupo de pessoas sentadas à mesa com um laptop
1638,VERDADEIRO,a fire hydrant on the side of the road . a fire hydrant on the side of a road . a fire hydrant on the side of a street .,um hidrante na beira da estrada. um hidrante no lado de uma estrada. um hidrante no lado de uma rua
1642,VERDADEIRO,a bunch of cars that are on a street . a bunch of cars that are sitting in the street . a bunch of cars that are parked in a lot,Um monte de carros que estão na rua. Um monte de carros que estão sentados na rua. Um monte de carros que estão estacionados
1643,VERDADEIRO,a train station with a train on the tracks . a train station with a train on the tracks a train station with a train passing by,uma estação de trem com um trem nos trilhos. uma estação de trem com um trem nos trilhos uma estação de trem com um trem passando
1693,VERDADEIRO,a man standing in a kitchen preparing food . a group of people standing around a kitchen . a group of people standing around a kitchen preparing food .,um homem parado na cozinha preparando comida. um grupo de pessoas em volta de uma cozinha. um grupo de pessoas em volta de uma cozinha preparando comida
1694,VERDADEIRO,a close up of a pair of scissors a close up of a person holding a pair of scissors a close up of a pair of scissors on a table,"em um par de tesouras, uma pessoa segurando uma tesoura em cima de uma mesa"
1696,VERDADEIRO,a person holding a cell phone in their hand . a person holding a cell phone in their hands . a person holding a cell phone in their hand,Uma pessoa segurando um celular em suas mãos. Uma pessoa segurando um celular em suas mãos. Uma pessoa segurando um celular em suas mãos
1698,VERDADEIRO,a close up of a baseball player with a bat a close up of a baseball player with a glove a close up of a stop sign with a sign on it,um close de um jogador de beisebol com um taco de perto de um jogador de beisebol com uma luva de um sinal de pare com um cartaz em cima
1704,VERDADEIRO,a group of people standing next to each other . a group of people standing in front of a building . a group of people standing in front of a building,um grupo de pessoas de pé lado a lado. um grupo de pessoas de pé na frente de um prédio. um grupo de pessoas de pé na frente de um prédio
1719,VERDADEIRO,a man in a suit and bow tie standing in a room . a man in a suit and tie holding a microphone a man in a suit and bow tie standing in front of a microphone .,"Um homem de terno e gravata borboleta parado em um quarto. um homem de terno e gravata segurando um microfone, um homem de terno e gravata borboleta de pé na frente de um microfone"
1722,VERDADEIRO,a city street filled with lots of traffic . a city street filled with lots of traffic next to tall buildings . a city street filled with lots of traffic and tall buildings .,uma rua da cidade cheia de muito trânsito. uma rua da cidade cheia de muito tráfego perto de prédios altos. uma rua da cidade cheia de tráfego e prédios altos
1725,VERDADEIRO,a large passenger jet flying through a blue sky . a large jetliner flying through a blue sky . a large jetliner flying through a cloudy blue sky .,Um grande jato passageiro voando através de um céu azul. Um grande jato voando através de um céu azul. Um grande jato voando através de um céu azul nublado
1726,VERDADEIRO,a bicycle with a helmet on it sitting on a sidewalk . a bicycle with a helmet on it sitting next to a bike . a bicycle with a helmet on it sitting next to a bicycle .,Uma bicicleta com um capacete na calçada. uma bicicleta com um capacete sobre ela ao lado de uma bicicleta. uma bicicleta com um capacete sobre ela sentada ao lado de uma bicicleta
1728,VERDADEIRO,a group of men standing next to each other . a group of people standing around a table . a group of men standing next to each other in a room .,um grupo de homens de pé ao lado um do outro. um grupo de pessoas ao redor de uma mesa. um grupo de homens de pé ao lado um do outro em uma sala
1736,VERDADEIRO,a person holding a cell phone in their hand . a person holding a cell phone in their hand a person holding a cell phone in their hands .,Uma pessoa segurando um celular em suas mãos. Uma pessoa segurando um celular em suas mãos uma pessoa segurando um celular em suas mãos
1753,VERDADEIRO,a group of men standing next to each other . a group of men standing next to a building . a group of men standing next to each other in front of a building .,um grupo de homens de pé ao lado um do outro. um grupo de homens parados ao lado de um prédio. um grupo de homens de pé lado a lado na frente de um prédio
1758,VERDADEIRO,a man standing next to a cart full of bananas . a man standing next to a cart filled with bananas . a man standing next to a cart full of bananas,Um homem parado ao lado de uma carroça cheia de bananas. Um homem de pé ao lado de uma carroça cheia de bananas. Um homem parado ao lado de uma carroça cheia de bananas
1759,VERDADEIRO,a group of people sitting around a computer desk . a man sitting at a desk with a laptop computer . a group of people sitting around a computer desk,um grupo de pessoas sentadas ao redor de uma mesa de computador. um homem sentado a uma mesa com um laptop. um grupo de pessoas sentadas ao redor de uma mesa de computador
1762,VERDADEIRO,a pair of scissors sitting on top of a table . a pair of scissors sitting on a table . a pair of scissors sitting on top of a piece of paper .,uma tesoura pousada em cima de uma mesa. uma tesoura sobre uma mesa. uma tesoura pousada em cima de uma folha de papel
1767,VERDADEIRO,a traffic light and street sign on a pole . a traffic light with a street sign attached to it . a traffic light with a street sign on it .,Uma placa de semáforo e rua em um poste. Um sinal de trânsito com uma placa de rua ligada a ele. Um sinal de trânsito com uma placa de rua
1768,VERDADEIRO,a group of people standing outside of a building . a group of people standing next to a train . a group of people standing in front of a train .,um grupo de pessoas do lado de fora de um prédio. um grupo de pessoas ao lado de um trem. um grupo de pessoas paradas na frente de um trem
1775,VERDADEIRO,a man sitting on top of a wooden bench . a man sitting on top of a bench next to a pile of luggage . a man sitting on top of a bench next to a wall .,Um homem sentado em cima de um banco de madeira. um homem sentado em cima de um banco ao lado de uma pilha de bagagem. Um homem sentado em um banco ao lado de uma parede
1776,VERDADEIRO,a close up of a stop sign with a sticker on it a close up of a keyboard and a mouse a close up of a keyboard and a monitor,um adesivo de um sinal de parada com um adesivo em cima um teclado e um mouse um perto de um teclado e um monitor
1779,VERDADEIRO,a man holding a kite in front of a building . a man holding a kite in front of a crowd of people . a man is holding a kite in front of a building .,Um homem segurando uma pipa na frente de um prédio. Um homem segurando uma pipa na frente de uma multidão. um homem está segurando uma pipa na frente de um prédio
1783,VERDADEIRO,a man sitting on a motorcycle with a dog in his lap . a man is sitting on a motorcycle with a dog . a man sitting on a motorcycle with a dog on his lap .,Um homem sentado em uma moto com um cachorro no colo. um homem está sentado em uma moto com um cão. Um homem sentado em uma moto com um cachorro no colo
1786,VERDADEIRO,a man standing on top of a lush green field . a man standing in a field holding a kite . a man standing in a field with a kite .,Um homem parado no topo de um campo verde exuberante. Um homem de pé no campo segurando uma pipa. Um homem de pé no campo com uma pipa
1793,VERDADEIRO,a close up of a street sign with a sky background a close up of a stop sign with a sky background a close up of a stop sign with a sign on it,a close up of a street sign with a sky background a close up of a stop sign with a sky background a close of a stop sign with a sign on it
1813,VERDADEIRO,a group of people standing around a kitchen . a group of people standing around a table . a group of people standing around a table with food .,um grupo de pessoas em volta de uma cozinha. um grupo de pessoas ao redor de uma mesa. um grupo de pessoas ao redor de uma mesa com comida
1814,VERDADEIRO,a large building with a clock tower in the middle . a large building with a clock tower in the background . a large building with a clock tower in the middle of it .,um grande prédio com uma torre de relógio no meio. um grande prédio com uma torre de relógio ao fundo. um grande prédio com uma torre de relógio no meio
1815,VERDADEIRO,a man in a suit and tie standing in front of a microphone . a man in a suit and tie looking at the camera . a man in a suit and tie looking at the camera,Um homem de terno e gravata de pé na frente de um microfone. Um homem de terno e gravata olhando para a câmera. Um homem de terno e gravata olhando para a câmera
1816,VERDADEIRO,a group of people standing in a room . a group of people standing in a room with a clock . a group of people standing in a room with luggage .,um grupo de pessoas de pé em uma sala. um grupo de pessoas de pé em uma sala com um relógio. um grupo de pessoas de pé em um quarto com bagagem
1817,VERDADEIRO,a group of people standing next to each other . a group of people standing next to each other on a snow covered slope . a group of people standing next to each other in front of a building .,um grupo de pessoas de pé lado a lado. um grupo de pessoas de pé perto um do outro em uma encosta coberta de neve. um grupo de pessoas de pé lado a lado na frente de um prédio
1832,VERDADEIRO,a stop sign that has a bunch of stickers on it a stop sign that has a bunch of stickers on it . a stop sign that has a sign on it .,"um sinal de parar, que tem um monte de adesivos em si um sinal de parar, que tem um monte de adesivos nele. Um sinal de parada que tem um sinal"
1840,VERDADEIRO,a large amount of birds sitting on top of a table . a large amount of birds sitting on top of a wooden table . a large amount of birds sitting on top of a metal object .,uma grande quantidade de pássaros sentados em cima de uma mesa. uma grande quantidade de pássaros sentados em cima de uma mesa de madeira. uma grande quantidade de pássaros sentados em cima de um objeto de metal
1848,VERDADEIRO,a book and a book on a table . a book and a book on a desk . a book and a book on a table,um livro e um livro sobre uma mesa. um livro e um livro sobre uma mesa. um livro e um livro sobre uma mesa
1849,VERDADEIRO,a group of women standing next to each other . a group of people standing next to each other . a group of people standing in a room .,um grupo de mulheres de pé ao lado uma da outra. um grupo de pessoas de pé lado a lado. um grupo de pessoas de pé em uma sala
1850,VERDADEIRO,a close up of a pair of scissors a close up of a person holding a pair of scissors a close up of a pair of scissors on a table,"em um par de tesouras, uma pessoa segurando uma tesoura em cima de uma mesa"
1857,VERDADEIRO,a close up of a street sign with a sky background a close up of a street sign on a pole a close up of a street sign with a building in the background,a close up de uma placa de rua com um céu fundo perto de uma placa de rua em um poste de uma placa de rua com um prédio ao fundo
1863,VERDADEIRO,a close up of a cake on a table a close up of a cake shaped like a train a close up of a cake shaped like a train .,a close-up de um bolo em uma mesa um close-up de um bolo em forma de um trem de perto de um bolo em forma de um trem
1878,VERDADEIRO,a person holding a cell phone in their hand . a book is sitting on top of a book . a book is sitting on top of a book,Uma pessoa segurando um celular em suas mãos. um livro está sobre um livro. um livro está sobre um livro
1882,VERDADEIRO,two women sitting at a table with a laptop . a couple of women sitting at a table with a laptop . two women sitting at a table with laptops,duas mulheres sentadas em uma mesa com um laptop. Duas mulheres sentadas à mesa com um laptop. duas mulheres sentadas em uma mesa com laptops
1883,VERDADEIRO,a laptop computer sitting on top of a table . a laptop computer sitting on top of a wooden table . a laptop computer sitting on top of a bed .,um laptop sentado em cima de uma mesa. um laptop sentado em cima de uma mesa de madeira. um laptop sentado em cima de uma cama
1889,VERDADEIRO,a person holding a pair of scissors in their hands . a person cutting a piece of paper with scissors . a person holding a pair of scissors in their hands,uma pessoa segurando uma tesoura em suas mãos. uma pessoa cortando um pedaço de papel com tesoura. uma pessoa segurando uma tesoura em suas mãos
1890,VERDADEIRO,a man in a suit and tie sitting on a bench . a man in a suit and tie sitting in front of a microphone . a man in a suit and tie sitting on a bench,Um homem de terno e gravata sentado no banco. Um homem de terno e gravata sentado na frente de um microfone. Um homem de terno e gravata sentado no banco
1891,VERDADEIRO,a car parked in front of a building . a car is parked in front of a building . a car is parked in front of a building,Um carro estacionado em frente a um prédio. um carro está estacionado em frente a um prédio. um carro está estacionado em frente a um prédio
1896,VERDADEIRO,a black and white picture of a stop sign . a black and white photo of a stop sign a black and white photo of a stop sign and a sign,uma imagem em preto e branco de um sinal de parada. uma foto em preto e branco de um sinal de parada uma foto em preto e branco de um sinal de parada e uma placa
1901,VERDADEIRO,a group of people riding on the backs of horses . a large group of people on a street . a group of people riding on the backs of elephants .,Um grupo de pessoas andando na parte de trás dos cavalos. um grande grupo de pessoas em uma rua. Um grupo de pessoas andando nas costas dos elefantes
1926,VERDADEIRO,a large group of people walking around a park . a large group of people walking around a park a large group of people walking around a garden,"um grande grupo de pessoas andando ao redor de um parque. um grande grupo de pessoas andando ao redor de um parque, um grande grupo de pessoas andando por um jardim"
1933,VERDADEIRO,a close up of a cake on a table a close up of a cake on a plate a close up of a cake shaped like a train,um close de um bolo em uma mesa um close de um bolo em um prato de perto de um bolo em forma de trem
1935,VERDADEIRO,a woman sitting at a table with a plate of food . a woman sitting at a table in front of a laptop computer . a woman sitting at a table in front of a laptop .,uma mulher sentada à mesa com um prato de comida. uma mulher sentada à mesa em frente a um laptop. Uma mulher sentada à mesa em frente a um laptop
1957,VERDADEIRO,a group of people standing in front of a store . a group of people standing in front of a refrigerator . a group of people standing in front of a store window .,um grupo de pessoas de pé em frente a uma loja. um grupo de pessoas paradas em frente a uma geladeira. um grupo de pessoas de pé na frente de uma loja
1961,VERDADEIRO,a pair of scissors sitting on top of a table . a pair of scissors sitting on top of a wooden table . a pair of scissors sitting on a table .,uma tesoura pousada em cima de uma mesa. uma tesoura pousada em cima de uma mesa de madeira. uma tesoura sobre uma mesa
1963,VERDADEIRO,a group of people sitting around a table . a group of people sitting around a table with food . a group of people standing around a table with a cake .,um grupo de pessoas sentadas ao redor de uma mesa. um grupo de pessoas sentadas ao redor de uma mesa com comida. um grupo de pessoas em volta de uma mesa com um bolo
1965,VERDADEIRO,a man in a suit and tie standing in a field . a man in a suit and tie standing in front of a building . a man in a suit and tie standing on a sidewalk .,Um homem de terno e gravata de pé no campo. Um homem de terno e gravata parado na frente de um prédio. Um homem de terno e gravata parado na calçada
1966,VERDADEIRO,a man in a suit and tie is smiling . a man in a suit and tie is smiling a man in a suit and tie is smiling for the camera .,"Um homem de terno e gravata está sorrindo. Um homem de terno e gravata sorri, um homem de terno e gravata está sorrindo para a câmera"
1978,VERDADEIRO,a group of people walking down a rain soaked street . a group of people walking down a rain soaked road . a group of people walking down a rain soaked sidewalk .,Um grupo de pessoas andando por uma rua encharcada de chuva. Um grupo de pessoas andando por uma estrada encharcada de chuva. Um grupo de pessoas andando por uma calçada encharcada de chuva
2005,VERDADEIRO,a man sitting in front of a laptop computer . a man sitting at a table with a laptop . a man in a suit and tie sitting at a table .,um homem sentado na frente de um laptop. um homem sentado a uma mesa com um laptop. Um homem de terno e gravata sentado a uma mesa
2015,VERDADEIRO,a large building with a clock tower on top . a tall building with a clock on the top of it . a large building with a clock tower in the middle of it .,um grande prédio com uma torre de relógio no topo. Um prédio alto com um relógio em cima. um grande prédio com uma torre de relógio no meio
2022,VERDADEIRO,a crane is on the back of a truck . a crane is on the back of a white truck . a construction site with a truck and a crane .,um guindaste está na parte de trás de um caminhão. um guindaste está na traseira de um caminhão branco. um canteiro de obras com um caminhão e um guindaste
2023,VERDADEIRO,a black and white photo of a man flying a kite . a black and white photo of people flying kites . a black and white photo of people flying kites,uma foto em preto e branco de um homem voando uma pipa. uma foto em preto e branco de pessoas soltando pipas. uma foto em preto e branco de pessoas soltando pipas
2033,VERDADEIRO,a man sitting on a couch holding a nintendo wii game controller . a man sitting on a couch holding a wii remote . a man sitting on a couch holding a nintendo wii controller .,um homem sentado em um sofá segurando um controle de jogos Nintendo wii. Um homem sentado em um sofá segurando um remoto wii. um homem sentado em um sofá segurando um controle Nintendo wii
2036,VERDADEIRO,a car parked on the side of the road . a car parked in a parking lot next to a car . a car parked on the side of the road with a surf board .,Um carro estacionado no lado da estrada. Um carro estacionado em um estacionamento ao lado de um carro. um carro estacionado no lado da estrada com um surf board
2040,VERDADEIRO,a close up of a cell phone on a table a close up of a cell phone in a car a close up of a cell phone on a shelf,um perto de um telefone celular em uma mesa um perto de um telefone celular em um carro um perto de um celular em uma prateleira
2043,VERDADEIRO,a truck parked in front of a building . a truck parked in a parking lot next to a building . a truck parked in front of a building,Um caminhão estacionado em frente a um prédio. Um caminhão estacionado em um estacionamento ao lado de um prédio. Um caminhão estacionado em frente a um prédio
2050,VERDADEIRO,a table topped with lots of clutter and electronics . a table topped with a laptop computer and a mouse . a table topped with a laptop computer and a bag .,uma mesa coberta com montes de bugigangas e eletrônicos. uma mesa coberta com um laptop e um mouse. uma mesa coberta com um laptop e uma bolsa
2074,VERDADEIRO,a person using a laptop computer on a table . a person using a laptop computer on a desk . a person is using a laptop computer on a table .,uma pessoa usando um laptop sobre uma mesa. uma pessoa usando um laptop sobre uma mesa. uma pessoa está usando um laptop sobre uma mesa
2079,VERDADEIRO,a man sitting on a couch holding a nintendo wii game controller . a man sitting on a couch holding a wii remote . a man sitting on a couch holding a nintendo wii controller .,um homem sentado em um sofá segurando um controle de jogos Nintendo wii. Um homem sentado em um sofá segurando um remoto wii. um homem sentado em um sofá segurando um controle Nintendo wii
2087,VERDADEIRO,a car is parked on the side of the road . a car is parked on the side of the street . a car is parked on the side of the road,Um carro está estacionado no lado da estrada. Um carro está estacionado no lado da rua. Um carro está estacionado no lado da estrada
2091,VERDADEIRO,a group of people standing in a room . a group of people standing in a room a group of people standing in a room with remotes .,um grupo de pessoas de pé em uma sala. um grupo de pessoas de pé em uma sala um grupo de pessoas de pé em uma sala com remotes
2093,VERDADEIRO,a man standing in front of a bus . a man standing in front of a train . a man is standing in front of a bus .,Um homem parado na frente de um ônibus. Um homem parado na frente de um trem. Um homem está parado na frente de um ônibus
2103,VERDADEIRO,a group of people standing around a train . a group of people standing in front of a train . a group of people standing next to a train .,um grupo de pessoas ao redor de um trem. um grupo de pessoas paradas na frente de um trem. um grupo de pessoas ao lado de um trem
2107,VERDADEIRO,a man standing in front of a flat screen tv . a man standing in front of a tv in a room . a man standing in front of a tv in a living room .,Um homem parado na frente de uma TV de tela plana. Um homem parado na frente de uma TV em uma sala. Um homem parado na frente de uma TV em uma sala de estar
2114,VERDADEIRO,a collection of electronic devices on a table . a collection of electronic devices on a shelf . a collection of electronic devices on a table,uma coleção de dispositivos eletrônicos sobre uma mesa. uma coleção de aparelhos eletrônicos em uma prateleira. uma coleção de dispositivos eletrônicos sobre uma mesa
2132,VERDADEIRO,a man is sitting on a toilet in a bathroom . a man is sitting on a toilet in the bathroom . a man is sitting on a toilet in a bathroom,um homem está sentado em um banheiro. um homem está sentado em um vaso sanitário no banheiro. um homem está sentado em um banheiro
2159,VERDADEIRO,a man standing on a tennis court holding a racquet . a man standing on a tennis court holding a tennis racquet . a man standing on top of a tennis court holding a racquet .,um homem de pé em uma quadra de tênis segurando um raquete. um homem de pé numa quadra de tênis segurando uma raquete de tênis. um homem de pé em cima de uma quadra de tênis segurando um raquete
2160,VERDADEIRO,a man standing next to a woman in a kitchen . a man standing next to a woman in a room . a man standing next to a woman in front of a store .,Um homem parado ao lado de uma mulher na cozinha. Um homem parado ao lado de uma mulher em uma sala. Um homem parado ao lado de uma mulher na frente de uma loja
2166,VERDADEIRO,a man in a suit and tie standing in a room . a man in a suit and tie holding a beer . a man in a suit and tie standing in front of a wall .,Um homem de terno e gravata parado em um quarto. Um homem de terno e gravata segurando uma cerveja. Um homem de terno e gravata parado na frente de uma parede
2171,VERDADEIRO,a row of parked motorcycles sitting next to each other . a group of police motorcycles parked next to each other . a row of parked motorcycles sitting on top of a parking lot .,Uma fila de motocicletas estacionadas perto uma da outra. Um grupo de motocicletas da polícia estacionado perto um do outro. Uma fila de motocicletas estacionadas no alto de um estacionamento
2180,VERDADEIRO,a woman wearing a hat and a tie . a woman wearing a tie and a hat . a woman wearing a hat and a tie,Uma mulher usando chapéu e gravata. Uma mulher de gravata e chapéu. Uma mulher usando chapéu e gravata
2184,VERDADEIRO,a person holding a cell phone in their hand . a person holding a smart phone in their hand . a person holding a cell phone in their hand,Uma pessoa segurando um celular em suas mãos. Uma pessoa segurando um telefone na mão. Uma pessoa segurando um celular em suas mãos
2197,VERDADEIRO,a man sitting in a kitchen preparing food . a man sitting on top of a wooden table . a man sitting in a kitchen preparing food,um homem sentado na cozinha preparando comida. Um homem sentado em cima de uma mesa de madeira. um homem sentado na cozinha preparando comida
2204,VERDADEIRO,a train station with a train on the tracks . a stop sign on the side of a building . a stop sign on the side of the road .,uma estação de trem com um trem nos trilhos. Um sinal de parada no lado de um prédio. Um sinal de pare no lado da estrada
2219,VERDADEIRO,a building with a street sign on top of it . a building with a street sign on top of it a building with a street sign on the side of it,Um prédio com uma placa de rua em cima. Um prédio com uma placa de rua em cima de um prédio com uma placa de rua no lado
2222,VERDADEIRO,a woman sitting on a couch using a laptop computer . a woman sitting on a couch with a laptop . a woman sitting on a couch using a laptop .,uma mulher sentada num sofá usando um laptop. uma mulher sentada em um sofá com um laptop. Uma mulher sentada num sofá usando laptop
2223,VERDADEIRO,a collage of photos of a man holding a frisbee . a collage of photos of a man holding a frisbee a collage of photos of a man holding a white frisbee .,"uma colagem de fotos de um homem segurando um frisbee. uma colagem de fotos de um homem segurando um frisbee, uma colagem de fotos de um homem segurando um frisbee branco"
2225,VERDADEIRO,a group of people standing on top of a snow covered slope . a group of people standing on top of a snow covered field . a group of people standing next to each other on a snow covered slope .,Um grupo de pessoas de pé em cima de uma encosta coberta de neve. Um grupo de pessoas de pé em cima de um campo coberto de neve. um grupo de pessoas de pé perto um do outro em uma encosta coberta de neve
2226,VERDADEIRO,a sign that is on the side of a building . a sign that is on the side of a wall . a sign that is on a pole in front of a building .,Um sinal que está do lado de um prédio. Um sinal que está ao lado de uma parede. Um sinal que está em um poste na frente de um prédio
2231,VERDADEIRO,a close up of a person holding a cell phone a close up of a keyboard and a mouse a close up of a person holding a nintendo wii remote,um close de uma pessoa segurando um telefone celular um perto de um teclado e um mouse um perto de uma pessoa segurando um controle Nintendo wii
2232,VERDADEIRO,a group of people standing next to a building . a group of teddy bears sitting on top of a bench . a group of people standing next to a building,um grupo de pessoas ao lado de um prédio. um grupo de ursinhos de pelúcia sentados em cima de um banco. um grupo de pessoas ao lado de um prédio
2234,VERDADEIRO,a man in a suit and tie holding a microphone . a man in a suit and tie holding a microphone a man in a suit and tie is holding a microphone .,"Um homem de terno e gravata segurando um microfone. um homem de terno e gravata segurando um microfone, um homem de terno e gravata está segurando um microfone"
2238,VERDADEIRO,a wooden bench in front of a building . a wooden bench sitting next to a brick wall . a wooden bench sitting next to a wooden fence .,um banco de madeira na frente de um prédio. um banco de madeira ao lado de uma parede de tijolos. um banco de madeira ao lado de uma cerca de madeira
2244,VERDADEIRO,a collage of photos showing a computer screen . a collage of photos showing a computer screen a collage of photos with a laptop and a monitor,uma colagem de fotos mostrando uma tela de computador. uma colagem de fotos mostrando uma tela de computador uma colagem de fotos com um laptop e um monitor
2247,VERDADEIRO,a group of people standing around a car . a group of people standing in front of a car . a group of people standing in front of a truck .,um grupo de pessoas em volta de um carro. um grupo de pessoas de pé na frente de um carro. um grupo de pessoas de pé na frente de um caminhão
2250,VERDADEIRO,a large jetliner sitting on top of an airport tarmac . a large jetliner sitting on top of an airport runway . a large jetliner sitting on top of a runway .,Um grande Delineador sentado em cima de um aeroporto. Um grande jato sentado em cima de uma passarela de aeroporto. Um grande jato sentado em cima de uma passarela
2257,VERDADEIRO,a man standing in front of a fence holding a baseball bat . a man standing in front of a fence holding a bat . a man standing in front of a fence holding a camera .,um homem de pé em frente a uma cerca segurando um taco de beisebol. um homem parado em frente a uma cerca segurando um morcego. um homem parado em frente a uma cerca segurando uma câmera
2258,VERDADEIRO,a fire hydrant spraying water onto a city street a fire hydrant spraying water onto a street . a fire hydrant spraying water onto a street,"Um hidrante cuspindo água numa rua, um hidrante espirrando água na rua. Um hidrante espirrando água na rua"
2273,VERDADEIRO,a young boy wearing a tie and glasses . a young boy wearing a tie and a shirt . a young boy wearing a tie and glasses,Um jovem vestindo gravata e óculos. Um jovem vestindo gravata e uma camisa. Um jovem vestindo gravata e óculos
2277,VERDADEIRO,a red stop sign sitting on the side of a road . a stop sign with graffiti written on it . a stop sign with graffiti written on it,Um sinal de parada vermelha sentado no lado de uma estrada. um sinal de parada com grafite escrito nele. um sinal de parada com grafite escrito nele
2303,VERDADEIRO,a collage of photos of a person holding a wii remote a collage of photos of a man holding a wii remote a collage of photos of a man holding a wii remote .,uma colagem de fotos de uma pessoa segurando um wii controle remoto uma colagem de fotos de um homem segurando um wii remotamente colagem de fotos de um homem segurando um wii remoto
2306,VERDADEIRO,a room filled with lots of computers and monitors . a room filled with lots of computer monitors . a room filled with computers and monitors on a desk .,Uma sala cheia de computadores e monitores. Uma sala cheia de vários monitores de computador. Uma sala cheia de computadores e monitores em uma mesa
312,VERDADEIRO,a cake shaped like a train on a table . a cake shaped like a train is on a table . a cake shaped like a train on a table,um bolo em forma de um trem em uma mesa. um bolo em forma de um trem está sobre uma mesa. um bolo em forma de um trem em uma mesa
